raw_key,date,brand,model,status
a97431dc32f95ec31d0aac6b9ba79abf07d4ce8bc60813cdaf7524c86573f9bb,2012-03-01,Huawei,U8350,적합
951df0cb68238cd472f2ebda9a1f935ed04a2959aa2f09511c7ce49b62bcb212,2012-03-01,Nokia,C1-01,적합
d0ef0d94cbb38e49fde1b6cdc502007d5fb7b8355b5dc564b1adf5c9d14c4279,2012-03-01,Samsung,GALAXY SCL,적합
1f7842291e7eb280e005c1d84bbb27c7a728c508eaad6758bd66c33b6b98f51f,2012-03-01,Sony,XPERIA RAY,적합
da46f0dd997491b8628a14f87aeec0dfc57b326dc27546600e4db76e01f88620,2012-03-01,Sony,XPERIA MINI PRO,적합
7413347dcec879cd429e2e280c146858909fb99b449f5f308146eb46f6d25894,2012-01-26,Nokia,C2-02,적합
489f6da9fcc03dc496b506fa150582402de4cdd54691287fd24fd4aaa87734eb,2012-01-26,Nokia,LUMIA 800,적합
5bc7e946a1ae2dc75b97596283790753b85a02014270916d27262030daa55d92,2012-02-02,Motorola,ATRIX MVRQ6,적합
946cffa6a9a5cbeb537b5094ce53db6ce2e53c672610f4050e7cba3f65d206cb,2012-02-02,Nokia,E5-00,적합
c8d5a9a23053ca7f31789729cc2410a3560b37cc250a1a09f312857805f2634e,2012-02-02,Samsung,GALAXY NOTE GT-N7000,적합
ccbccacfd29689cb25fa79705b8d30cf44327a60ffb0d2efdffbab4c8b868fa6,2012-02-14,Motorola,ATRIX MVRQ6,적합
85eb5766b1dfb952e6a11ab78cc8780813119446cb3153601896967e6d13e95a,2012-02-14,Nokia,2220 SLIDE,적합
0b808e5e622233846593106646f0afe09907c23639cdb8e8746882ba10f0f3ca,2012-02-21,Samsung,E2530,적합
d4137d64bfeb9064d40fd56cbb4c0c36fcc96b00042575384f36364cff7ec420,2012-02-21,Samsung,GALAXY Y GT-S5360,적합
118f338c096084a5388edef0ee11eb6d5f61cc931f7786209d4b77bfa0842386,2012-02-21,Samsung,GT-E2330,적합
f80b8bc34652311b3a70a3417dc4f6234e51f5403c2a977138dde2f6cd61df00,2012-02-29,Nokia,E6-00,적합
44db3b388bcfbc002353a5f5008e764ab5d48a6e8dbd6a7caf2a63d14c32e551,2012-03-14,Nokia,LUMIA 710,적합
47dae72fb0458210dfca62a54b0900d86af346cea8a263b25d3b41ee12299f01,2012-03-14,Samsung,GALAXY ACE (GT ? S5830),적합
a7d41a8ca9dbf2a6dce7170ca1e606328cf4e0d12da3ade856cd02a071ed756e,2012-03-14,Samsung,GALAXY MINI (GT ? S5570),적합
fe2b08565559b22d36e2b7f6315d3a7309f3275e823081f674abec9340070509,2012-03-15,Nokia,ATI-1800 (NOKIA 5500),적합
1bbdef9ece28ccf2c91f73d2ddfef42f3132af9cb6b70ec49e64dde26a03f7dd,2012-03-20,Apple,IPHONE 3 GS 8GB,적합
8e9ed269e04406b9aa2c1b411e3c760949c49980033b4a5bb6741f2e6efc0341,2012-03-20,Sony,LIVE & WALKMAN WT 19i,적합
1d12449d1cca0074c9052bd1b96a591eac02a3ac3a19f1a452c5e1522c1810aa,2012-03-20,Sony,YENDO W150i,적합
de97c6096611dff21f525b8adc555f466157ca6807cef3cd65c05b72e1194dbb,2012-03-21,Motorola,RAZR,적합
b8de7fdcc1e8a34a73cecccde9d4e338746dcffee7a63d98c43d14e4971aa4a0,2012-03-28,Motorola,WX 295,적합
58059c33350e3589976428ecf25d6331b7ac8345d2c9565e435dfee757aba362,2012-09-04,Huawei,ORANGE PANAMA,적합
275358bd0486c6898592ef54a1c622d3c8eb5a4a735faa51332429cd9c4ce4e6,2012-09-04,Nokia,ASHA RM-714,적합
79bb2639640d35a29f39db14931d8f767ed291c06f37b36f3ec0d18eb22876b3,2012-09-04,Nokia,LUMIA 610 (RM-849),적합
87037c0ef865797744d5ab0d7d0de9a0737d1c7dd9b97e0d3ba8dc8dc2b7ec32,2012-09-04,Samsung,GALAXY Y PRO GT-B5510,적합
96d83985c1171654574c1128da69b63a68ecd5557be05c7a167c6883c84451c6,2012-09-04,Sony,XPERIA P,적합
2533a6697787e1843f34211e9013a4b07869ecaf41c6fa5e173a8866d4f6a89f,2012-04-26,Nokia,700 ? RM670,적합
2996fa1dbec5c6f4f22eb2edff242b39389af00ab666b3728273361cbc06875e,2012-04-26,Samsung,E1050,적합
30db873faf92e510713792f3957fde081a20b188d8f46af3266e55683f8aba1f,2012-05-31,Nokia,500 (RM 750),적합
619c8aa6cc1436d34eef7294f0398e456dbda3fef41aaa472e4f58937960020f,2012-05-31,Nokia,ASHA 200 (RM 761),적합
9e6613030aed54d2a069243b07dc911ccd1e2a5cb0308712a013a5d8969d9f68,2012-05-31,Nokia,ASHA 302 (RM 813),적합
69d4600c49de3a75e0d09495afb58ecba47158a66564b720840411f11951b97a,2012-06-27,Samsung,GALAXY SIII (GT-I9300),적합
0afb637b0238eff67c02b459c52185685774d07f9731745f5b6c5321fbae2180,2012-11-08,Huawei,ASCEND G300,적합
7d188118e8ff79d3e402f656e4090683ecdcf6ff79cb231290512c52163cd653,2012-02-09,Samsung,GALAXY PRO GT-P7510,적합
93eea2dcbfd08bc54ae083a10d474516e61bbeeb077e207f59e505de1edae620,2012-02-09,Samsung,WAVE 3 S-8600,적합
81b80a8ba7c89081787fa641baf1252d44c98b5d17e5d983f35d2f823f5d0128,2012-02-09,Samsung,WAVE 533 GT-55330,적합
a3efee577d6e2e9d6644132131cdca154a6cc82e92c09b49b888d598b51d540d,2012-02-09,Samsung,GALAXY GIO GT-55660,적합
3aefc0bcc46b94700aa2f92fb7348419caa6569cdea33a2950c22e7e2e5ce1e5,2012-02-09,Sony,XPERIA KYNO,적합
19df90ed66ffe2724c8324ade271e42d5feac9e9c3c3329d75155ef71fc720cf,2012-10-09,Sony,XPERIA U,적합
96a5eb5d22531c2dc72440f31b44e50bf957f0dd8aaf1e31dd71efeed3caea7e,2012-09-25,Samsung,GALAXY BEAM,적합
a819b62f9b666cc4d9c49ef5103515f50c793b4140f1a9f330029c3d870b8df3,2012-09-25,Huawei,STARTRAIL 2 (HUAWEI),적합
dd11bc177b51f8533773305e48d772d0162968023160d29d686a84e9eec33c33,2012-10-22,Apple,IPHONE 5,적합
9a650e7dd03d052cf1c70ffba9997cd40cc67f5867e50c939bdbbf331fb2a812,2012-10-23,Nokia,112,적합
41d2949214b39cd39def917ff9a5bdb595e24765a94903e39d0575e2ba5cff0b,2012-10-23,Nokia,101,적합
ffb0eb37d520f063ab8a2089944bf5bce116d1afe7de1a6f490fe7fc0e467f1a,2012-10-24,Motorola,GLEAM +,적합
c527ec426d0957dc513836ec81a11c062732e1f2a66a62d232182210a344e314,2012-10-24,Samsung,GT-E1190,적합
fb3663179a6e0f1d3854650e5048b05847f058f62173709db53956eac8f36df9,2013-01-22,Motorola,RAZR I,적합
5a1beb5590b7a6f85ffd21dc675b57a4ea7ee69c3f30eadb5bac81ba1046c4d7,2013-01-22,Samsung,GALAXY SIII LTE,적합
7ebeda81f30954c062e24d80b0ed8f1fc7c8ebcde3ef6f8a8f35479212f76919,2013-01-22,Samsung,WAVE Y GT-S5380,적합
339adddf012b6ca5b185b49df33b498f8d4b9ba305695f9f17fad5c5a5197133,2013-01-22,Samsung,GALAXY SIII MINI GT-I8190,적합
4ec1fb9ad590aa78976ce64f6b26fdc0955d46b43335394df8188fcac6cf0a9f,2013-01-22,Sony,XPERIA S CITIZY LT26i,적합
9ccfce28c4ba260835191d9bf4b6c626e7e7d08586f91e2223f50e42ceb3f230,2013-02-14,Nokia,LUMIA 920,적합
42d9761ab9a8bf01e3f7afb5609077c22213cbb38f5863605a242511c8ad7519,2013-02-14,Samsung,GALAXY NOTE II 4G,적합
635c0ffa667b9dc1256fc0d5c122897190a378ed9b3e29b09d2ebd3eb5881cf4,2013-02-14,Sony,XPERIA TIPO,적합
a8d1d3e0a535053e6fb6028a77780042b71224314027d6a0c1ccddb50dedbd37,2013-02-19,Motorola,MOTOSMART,적합
eb23b6f595fee308a59f509bc15b0205a05dd16fec6e9b2affc0db858d89a6ba,2013-02-21,Nokia,ASHA 305,적합
098753ebb293e933d836409f661664255d9cb760d3df21b371727088d4b46b0b,2013-02-28,Huawei,HONOR U8860,적합
55bcef19904fc1f07bb8257d47d042b86875f43bb4a00e3870b95710f02406dd,2013-02-28,Motorola,MOTOLUXE,적합
2f87680da21b834bdb5e392968ae4c82811c0ea746d47cbf02779a9bc77ef495,2013-02-28,Samsung,GT-C3520,적합
69f58430d7279abf5a350d1926ed3fee90e0b565c52f7cf98823dccd2d77699e,2013-07-04,Samsung,WAVE Y GT-S5380,적합
a3a77e504dea77a625209041a587468f453b068d7452829dec18448b127a9f50,2013-03-05,Samsung,WAVE M,적합
1e6723804e0404e973eddc5de8ec2c3dd049aacd647b730477817ec15677db87,2013-05-22,Samsung,S4  GT-I9505,적합
3458c92c2ccd1777eeb90d6a8475e22a0d91c224a733c58990831deb48523fe6,2013-05-29,Huawei,BS 401 (HUAWEI U8825-1),적합
35776c331dfa1655ae2257a6c696d64d0a7b4a5c8d080095727dd220873d71c7,2013-05-29,Samsung,GALAXY EXPRESS GTI 8730 b,적합
b0c902f51bc62d36a5a716e50d0a84755e73032f9bd8b8652fb81d6aa926379d,2013-05-31,Nokia,LUMIA 520,적합
a7bab4f2f3ebd069816ed01e7a0dd9005601945455aee27c9444144e1eba1148,2013-05-31,Sony,XPERIA Z,적합
25df012b0e0380d48c86f4f434f18ce6bd254493fa87ab7a8ff718a69dd6dd73,2013-07-29,Samsung,GALAXY EXPRESS GTI 8730 n,적합
183faccabee1ed1327dfdc5e8382f7943d1775b583c1d67a40a63b85adb363f6,2013-03-12,Samsung,GT-E2350B,적합
ba84356a5917b1f297062cae350244c9baabfc968cd5400c35109a62789f9d91,2014-02-13,Motorola,MOTO G,적합
8b12920e2f8ce708a324641ee44b7e76750546a3acdf7c9688a47babe6c8943b,2014-02-13,Samsung,Galaxy Mega GT-I9205,적합
f82bd047e312c5d0bc7489622a9c0d9c9114beefeb4c1bb78d71ec7958f410ae,2014-02-20,Nokia,LUMIA 625,적합
a756734e37149e346dd5b516503f112e43584cbe64526c3324bb7bb68af45819,2014-02-20,Samsung,GALAXY NOTE 3 SM-N9005,적합
baab5fcf567e18298be02e1d320bbf84c963ba632325db406ba79150bbc07b44,2014-02-20,Samsung,GALAXY EXPRESS 2 SM-G3815,적합
a87b6f0eceabf35c21231767562802edf76206bc4d8cad90fa4c308065b1360d,2014-02-20,Samsung,GALAXY TREND GT-7560,적합
7ef77fafbee6a30ad1066d3d4a089120c54d273c84f12ffbcc91522f65d756bf,2014-02-20,Samsung,GALAXY S4 MINI GT-9195,적합
44de49c9ce536f14f3d01e549c417eb75dac5ed4910c8349f38d440131e3157d,2014-02-27,Sony,XPERIA Z1,적합
6c0c202181c32dd26937080ec96a9363399f94492a530028dd4c37d74331a6f1,2014-02-27,Sony,XPERIA Z ULTRA,적합
d6d3dc5af22fd256c7a53b19e2a069de4d31cdc5e62c6a6b688aa2f3f7ef75b4,2014-03-20,Nokia,LUMIA 1020,적합
712ca87746bfc2a925bfb67da359cd0cc26ef7d2b53720291f47cf6c18df0fa9,2014-03-20,Sony,XPERIA M,적합
2888bc15f30063a9c1d14cb13186b2336fe1b74b277115c56f16724efaae7307,2014-03-27,Samsung,GALAXY ACE 3 GT-S7275R,적합
f4131460a57fba48bd8222b6b54180843daa9abf03e7760cdd795ca8a34c0402,2014-03-27,Samsung,GALAXY CORE PLUS SM-G350,적합
88a902b5df49aa3149e7e7454c5840cb8308c0b896b4e0e03e7f31482fad6e29,2014-05-13,Samsung,GT-E1270,적합
2ca2e16d7b81864322f52bf58dfb1b1378c46851be503041e955bb97155eaac0,2014-05-13,Samsung,GALAXY S 5 SM-G900 F,적합
ea23095047ac7fd46310153faaf87b577ca7520b4f1b7dd660401222bc69ad5e,2014-07-15,Nokia,LUMIA 635 RM-974,적합
58d1884e26d030def7e088de7bce1c2b3f060b3b9fbf0790f3603761e5256380,2014-10-08,Sony,XPERIA T3,적합
3fcac87205bac9401e57e069e3f353d1ed2505aafc66bcba506510bc5e7ec24c,2014-09-15,Huawei,ASCEND P7,적합
0551c52819b74c5f4637533bd4ff3c93c32cf0c21af2f257114415c6f89d7b09,2014-02-11,Nokia,LUMIA 1320,적합
06f76689d9b91ac24097d8fb339a7d66fff81112b1255f563f22cf2d4366fbc4,2014-02-11,Apple,IPHONE 5C,적합
406e2208eef11df4f7d826fc718fb1a195404f32cf26e4494d1663c1475253d6,2014-11-13,Huawei,ASCEND G525,적합
47d90ce2eddad935697b2a9d463ec204c0fda7aa520e65c5164a17c2a787e19f,2014-11-13,Nokia,LUMIA 930,적합
34213ca4ec47ef919d6e378b107cd70df850fb696a836ee434ddefa10abf1fe1,2014-11-13,Sony,XPERIA E3 D2203,적합
d9be50eb62e5b15ff8887366c8a064df66d3c9ae1dcb7f53e33f8c8ce798ea22,2014-11-14,Nokia,LUMIA 735 4G NOIR (RM-1038),적합
b684256211d7babb68921a4d3b0d3f651a4be28e0f40992020aa413786bae640,2014-11-14,Samsung,GALAXY ALPHA OR (SM-G850 F),적합
f9224d62642c5d9e18dc1bfb8c791de7ec0394d4d76065107889eddfedbf2a84,2014-11-14,Apple,IPHONE 6 16GO OR,적합
ebc947a0e5e804f360aead239056cd249f363f6306cdd98041fc6cf21ffc9c3c,2014-11-21,Apple,IPHONE 6 PLUS  A1524,적합
a45f512f2722dad7b486499c1c4ca1f9aefd31961779fd0fc3d9ed8ccd452a44,2014-02-12,Samsung,Galaxy Fame Lite GT-S5790N,적합
fb63108ef902accb5fd5e6b9a85439c3ef24ff5d4a85252d4d406f1443e0e2b0,2015-07-01,Samsung,GALAXY S6 EDGE,적합
68f5ffc24326b9826079bcac82438df5e3e6deb39a0efa661bcb87c500ff5518,2015-03-17,Huawei,G620S,적합
6a50af70f09022c39f3236c3e4f9035127175fa9cb6e9e91860900903d324058,2015-03-18,Samsung,GALAXY S 5,적합
a6a53faaaecc31037a969d64a1712b6dddc9aff017fb3378b235e65c2a2e6f7b,2015-02-04,Nokia,LUMIA 530,적합
5eb399b9e3e860464bf2dd504de4fa45f6c3da7a21282d80ff8045a4a85531fd,2015-02-04,Samsung,GALAXY ACE 4,적합
28a192a59a9d0194878fb90e62ffb2c6ec1738dd1defde474dc64db80f7aad38,2015-02-04,Sony,XPERIA Z3,적합
316618543da9c629a2f4ab3c7762d5aa4f48ea579b7cbde978ba356ce410b727,2015-04-14,Motorola,MOTO E XT1022,적합
065a82d7ae8aeb6862d9a15e4208c58c058a22d9626a372b149dbc2e14cd72f5,2015-04-21,Samsung,GALAXY GRAND PRIME SM-G530FZ,적합
671c4ccd938685945c1b1f359dda68268a4baa0c56dd3486aeb4e1b79a1056f6,2015-04-21,Samsung,GALAXY GRAND PLUS GT-190601,적합
cca7acd9a4a163d772e9ab14d4d56c8379a206a9546b18112a238f599919793f,2015-04-21,Samsung,GALAXY A5 SM-A500 FU,적합
bf5f36cfbb377f0ea1970552c95fabe2b3c3b4119c667e133ef1aa7964430cd3,2015-04-21,Samsung,GALAXY TREND LITE GT-S7390G,적합
fa0ac56f58b6f2e3a9ddf15e9c32829936f16416c4b54cf97a083ed158bca16f,2015-05-18,Nokia,LUMIA 830 - RM-984,적합
7bdc2decaa5ee9fd022d2baed75544d231d9e02a2aafeac7d839612e5258b057,2015-05-18,Samsung,GALAXY A3 - SM-A300FU,적합
35b5fa9747a5e88f9e8e5637fd94ba066eca7809694cfcc959fdf9a90c253939,2015-07-06,Huawei,ASCEND G 620 S,적합
df2bb230d7467aff06beb26a7eb1774f669139c0a47ece7ec2844508e3d93585,2015-07-06,Huawei,P8,적합
20a56ae54a6d868dff72a62f5919290738ef76c54c57f463c548c9b62d0bf8e8,2015-06-17,Honor,6 PLUS PE-TL 10,적합
dfca2a1e65b47a0b7f9aeb86812e2d00e924b837898111dda76f2f2244ed8f33,2015-06-17,Huawei,Honor 4X Che2-L11,적합
27318c7d0c79b0102c33d78e436d8d2e0044191535e7175b90735336ecb07b3f,2015-08-21,Sony,XPERIA E4G,적합
211bff8f8bf8fe6cf1befc1d000cf17586f23a9c6d2081ca64e7904f19ba77d7,2015-07-09,Huawei,LITE P8,적합
0404220b1f28b86adcf04b73eb269eac08e1a38410ff2770b7408a5549f4447b,2015-10-14,Samsung,GALAXY S6 SM-G920F,적합
0e1ad5b9e7d7f1045d1473b8e5a465e6779d721792c400a0f9802fb8ba4e5bca,2016-08-01,Honor,7 PREMIUM OR,적합
bf91605d1053f76520764604ee5d19a0c998e47e08ae17ad05a7bc765f5ea89c,2016-08-01,Honor,X5,적합
8edda5ea9c01ac4442aeaaea529b514c10e808c2ecbcb19c3adcdae4e99328e9,2016-02-03,Nokia,130 DS (RM-1035),적합
12985407450e10d287abf272a8a5440eaf7b6e63f0314d16c3040c56856f1b36,2016-05-04,Apple,iPhone 6S,적합
e0d1683cf8b013c923bf0e5043faa6a8a6b7c47ade44adde2abead974fcff78c,2016-04-14,Samsung,GALAXY S7 EDGE SM-G935F,적합
7fd1bd752d844bcba3189269204e3c84a5520b4d8d0c3960d79fb9e0a2f21009,2016-10-05,Apple,iPhone 7  (A1778),적합
c4ebf19fbb8e8093b6a47b3d50747d79860660922f9b9dc7f588e2eee7149a4c,2016-05-18,Xiaomi,REDMI 2 MODEL 2014817,적합
24e34e779413652cc2636c7259dda85775182809142a292d9bd7582bffd0a78b,2016-07-20,Samsung,GALAXY CORE PRIME  (SM-G361F),적합
b0db1a18b64de1a72d5658395faabaa9b5e92a4dd3e3266a3dd241c2e95f594c,2016-07-20,Samsung,GALAXY J3 6  (SM-J320FN),적합
89c8edc417a75e8531b246fbf9472ce8031ef05ff6ab69984f5bb0fb1e281b78,2016-08-31,Huawei,P9 (EVA-L09),적합
4114f955021528c0c96d5f8b7bba773301608dab8944d524fb7fb21ecb9fc0c2,2016-08-31,Huawei,Y5 II CUN-L21,적합
60fd7e554b7537b686f233f0fa3fbcc4371c9758aff794879807e03f6f404f02,2016-08-31,Sony,XPERIA E5 F3311 PM-0960-BV,적합
7d57666d601adea30faf9d6a165fdcb9d02d37b0ca0082924ecaf25490560c91,2016-06-09,Apple,iPhone SE,적합
403eb286d021d3b4ba4e1ba04ea3464f16a6c652650313c92d9e3e9f4c73f31c,2016-09-27,Sony,Z5 Dual (E6633) PM-0907-BV,적합
71f3a0962275697aca5929f268caab80748c52e442a0f1a5c84bf2290836c739,2016-09-28,Sony,XPERIA X  (F5121) PM-930-BV,적합
412fe42d17c7357389c0dfd9b357f35ac501a8bc51e7a43737ae32e40d706baa,2016-05-10,Huawei,Y3,적합
fb19fcbaef6b91dac2f0069e3e22c16be7686f76209679dad06bfc7af5c65172,2016-05-10,Samsung,GALAXY J5 SM-J500 FN,적합
8e9bbb3b4e3a5a78a40cf9eff1d348ec88b75f0731960a6bcb85d938e31443ca,2016-10-18,Samsung,GALAXY A5 (SM-A510F),적합
48c6319363f5377ed5a30a0a359e9fe7be42ece8a1d977ef8d81e79d8e62fa39,2016-10-18,Sony,XPERIA XA (F3112),적합
19de1cfa8862d8dc7866c79a7aa89800765e1681b7eb1fea9567f98b1efcdec5,2016-10-18,Samsung,GALAXY J7 (SM-J710FN),적합
4077c72156d7cfd840b520bf72b4038bae9dd585a2bd952f2a493710c37244f2,2016-02-11,Huawei,DIVE 70 (HUAWEI SCL-L01),적합
0c0e1e90e5c6ed0ca1db00e26f6c5e48aecae824d94c85b99b543fa4d1028f0a,2017-03-01,Samsung,GALAXY A3 2017  (SM-A320FL),적합
636913b1eb78cb885f1f79b74bd859ce62c196e04e41e7ecb4ee808a1e3e4be9,2017-02-14,Huawei,Y6II (CAM-L21),적합
4d86b4915e9cb9f5cd3a46e2675b1a39612c5cec239947a4a5940a99eb4e117c,2017-02-21,Sony,XPERIA XA ULTRA  (PM-0951-BV),적합
ca125bed32a063afc542a370d0e612be7b40098dbf2c4ea1e9026cfeb07d823b,2017-02-21,Huawei,MATE 9,적합
7d9520235c3ef94d727c1fc77aa1630893c8fe211a1ba0f1aef6aef1c2aded39,2017-02-21,Samsung,GALAXY A5 2017  (SM-A520F),적합
a75ecbb3f481e0d2e5028b55df5ef8ed45841d95dca508259855ad30e34b7b67,2017-05-03,Huawei,NOVA (CAN-L11),적합
8597d071110d960eb66c52640b2af68e65c477ba87ace026444013e15959784b,2017-05-03,Samsung,S8  (SM-G950F),적합
3393b736795dcf9f2a3345f6ea755e4d32a89a8a1b1f6ace9cdc01860258e0b3,2017-11-05,Huawei,HONOR 8  (FRD-L09) (MAJ),적합
f830b85b6677338805702715cc1d720240b72d66086b00907831016620b8576d,2017-11-05,Huawei,HONOR 8  (FRD-L09),부적합
295ddc81b1400de80580ca2c592654a6038b436174db10e62778e4bb02331cb4,2017-06-14,Motorola,MOTO G5,적합
b991f1f894a160effedef97f272309bca04574ce55a957aabed33d558b6960c1,2017-03-07,Sony,XPERIA XZ - F8331  (PM-0980-BV),적합
60e2f49d1885ddcce45d594605f378975d483f8aea21e3bfb36b38b8e0d5b179,2017-03-08,Huawei,P8 Lite 2017  (PRA-LX1),적합
c80557f1821f65ec6d3a6d6a0f0ac5675c999138a0524ca96c650ac8a3c3bf1e,2017-03-08,Motorola,MOTO Z  (MOTOROLA / M1B90),적합
5426d3a85e6272e240e03fb55f6c59b320667b133c67ce2532dd5f3b0de90181,2017-11-09,Motorola,X4 (XT 1900-7),적합
3dda97848fa2a211e4446cc41913ad2a413658f22ce8582cfeb7977108c34e6e,2017-09-20,Honor,6A,적합
f61b6892c13b772617cf18777216a38475e3c763fafc56a7803e4a805fb78643,2017-09-27,Huawei,P10 LITE,적합
6de55a93580f5bf55f856ff65af59adbbd1ebdf820c7b68e5e05af1bc5931bfc,2017-09-27,Samsung,GALAXY J3  2017,적합
937c8bd4cd3837c8dd0a20c7a28e5da9e5693767083dff0bbe01d0c3bdd13a88,2017-01-11,Honor,5C,적합
c2f839e68702221a7686e036b8b9f40ece7a1d55ce06a5a29a3bb082f413012e,2017-05-11,Sony,XPERIA XA1  (G3112) PM-1001-BV,적합
50a5e28bf6bacb55254518ff08865815cf032dcb49368be6a3d8820219c6d3b4,2017-05-11,Samsung,GALAXY S8 + (SM-G955F),적합
6f38ae15c98386c0ba2ad166a80ccaae7f2f1522f5b0ae45586caabf167ff3b1,2017-04-12,Apple,IPHONE 8  A1905,적합
d88b6a126e3aac24cf6f48bf9b3400370d275dd6d7b48a183fe934de56d29e3b,2017-04-12,Apple,IPHONE X  A1901,적합
f8b4029ea624a164fcd9f142995ed864e05fdeb1c1f8ccdebfbba0b94b8a947b,2018-02-27,Huawei,P SMART  FIG-LX1,적합
288f1ba79ec07b50970541fd247b6a04e81c70183fdd7ffccbe1b559c74c1450,2018-02-27,Huawei,MATE 10 PRO / BLA-L29,적합
a538a4018e469ee5eb0c9ae2e244fa394e2780609ec158e222958ce736be386d,2018-02-27,Nokia,3310 model TA-1022,적합
ffa9ad0afd5e006abb822b8f1fff921298b6dc354a281ea34810da0044a3f078,2018-02-27,Samsung,GALAXY A8 GH68-48715  / SM-A530F,적합
e04dcc11a3d7258c75c6f19d8d3e3d0d2a3f504ec7ff30345ce89088643ebbb3,2018-02-27,Sony,XA2 / PM-1083-BV,적합
ec9598dfbb9f87596190ba18195a0ebf46855b7f6cc475faf2ec552f6e6f3f96,2018-07-03,Samsung,GALAXY NOTE 8 SM-950 F,적합
029cccaeba19daf7edc75dab19afd3b2b74e670ebe950fa396055d09fa0edc53,2018-03-26,Samsung,SAMSUNG S 9 SM-G960F/DS,적합
364f6770f99e7dff0ea1514e150318040ea649c70dc6cbf08e984f0a7238a9e2,2018-03-26,Samsung,SAMSUNG S9 Plus SM-G965F/DS,적합
1b3ec6f17abf638b7772ed3aa3dab098bb0ed0a90298e83a3650fb5847e483fa,2018-03-04,Huawei,P20 lite / ANE-LX1,적합
f2b9c15090ccd4c0406e4ef886305853084571ba3a0f604ca7fb854109f19384,2018-04-04,Nokia,NOKIA  6 / TA-1033 SS,적합
c43d2ce40a9704ec02b4951e5ef39ce8ca70f59a36fff7c5a2b5a58131de3f74,2018-04-04,Sony,XPERIA XA2 ULTRA  H3213  PM-1093-BV,적합
eaa4149cd52153ea4bda88b3fd97e6487e41d84a7a1113304cfd91514f564e19,2018-04-04,Nokia,216 DS (RM-1187),적합
e8757fc9145e1d5a0a8ca7360c40ba9d73f1539f1eb55cf6609fcccd605e1d5e,2018-06-04,Huawei,HUAWEI P20 PRO CLT-L29,적합
daeb22bafeabc88e3d1462f0d89f46d49768e203c4b78416a07f28fc983ba8e2,2018-10-04,Nokia,8 / TA-1012 SS,적합
9a436558fdaf44b3d8130578ba3f66f62922643c04f763653100830dbd89f144,2018-11-04,Huawei,HONOR 9 lite / LLD-L31,적합
7c882e795f9669c3f2c1824048f87b7d06b5955daa3e76261e03aad7be25496b,2018-03-05,Huawei,Y6 PRO SLA-L02,적합
2bfc425dbac0933e65582a1e53cf4486e71a52cfa7ea3a0d4dd3c62315c7b34e,2018-09-05,Motorola,MOTO Z2 PLAY M274D,적합
787135c6016106f0e9b5327b30f270013a656302c93761631cb9a60c3e72301e,2018-07-06,Nokia,3 (TA-1032DS),부적합
cbad74bc942c73b9c37162bddb47b6cdac8e205002a703a049f2e459b9c52a2d,2018-07-06,Nokia,3 (TA-1032DS) (MAJ),적합
cf87b33fc0dab8c4970b4be543d329488c422ffa954e7e3e16734d7d0585bfeb,2018-04-07,Xiaomi,REDMI NOTE 5,부적합
eaff0a24bce6d1bdc0357b38ab2112d1af21235e09346d49aff3acbab93aaab2,2018-04-07,Xiaomi,REDMI NOTE 5 (MAJ),적합
4b1e7e9403cd6250650df22c1c53affc7890aa7d37ac3322e4d67cfc9932412e,2018-04-07,Xiaomi,MI MIX 2S,부적합
8f34089a6f4d54f844a931befe5be32e18041fe1e7ebfcca3db0ff0a2ce12e53,2018-04-07,Xiaomi,MI MIX 2S (MAJ),적합
84ba70d7f411c824ff05667447fdf2d5610586c617df5c57857f0e0b7a92008b,2018-07-17,Motorola,MOTO G5 - XT1675 (M2675),적합
639f2ffa7422d248e2dcc69c487f15b0afe7f900e31b38cfd4c2265af58e67a9,2018-07-26,Sony,XPERIA XA1 - G3112,적합
e21c10cbc7cebf795593bf5a2d2d4e75d1f4720015ff0ad39bc70b6ae8f37e04,2018-04-09,Nokia,5,부적합
935b7d84ee3f87bcbc6a7f471e1de3f3efb462aff57447411c10e6863fb08f4c,2018-04-09,Nokia,5 (MAJ),적합
40a3ffaeba72391306063b23a0ef5c55768360384496e9d99d57672f5f7bea1c,2018-04-09,Sony,XPERIA XZ2 COMPACT,적합
13c798ddde95622646aeaf21ad576e29bdf1203a34005225b7585fd208ea5d2a,2018-11-30,Apple,I PHONE XR A2105,적합
9e7026375baed8bb350625b9d06dbfd1c9e68dedb3e241df2d40b967d00d4561,2018-11-30,Apple,I PHONE XS MAX A2101,적합
9bc68cf383fafa190bd6d08f73c4e12c255d59bfdac9bbeaf6552dd5d516306c,2019-05-02,Huawei,Y7 2018 LDN-L21,적합
925db5391d6a07e913867f20404050b3a2cd845beecd4921de2ad0b7737bc57d,2019-02-26,Nokia,6.1 (TA-1043),부적합
f624f92059bee144434758dd0eb462fd80c15ee7a5dfd55b9ea1a2bc0543cfbb,2019-02-26,Nokia,6.1 (TA-1043) (MAJ),적합
94eb0421f8c59dc2c7785a8bd47c61082e66d2bbf88d4746b964834c70b8c4a8,2019-02-26,Samsung,GALAXY A7 SM-A750FN/DS,적합
2a44af196e1afbd1d1718cf47bf3f2478a1f90a0860e07b9559fb11307a4aa1c,2019-08-03,Xiaomi,XIAOMI REDMI NOTE 6 PRO,적합
5fea5e71ca7060dd7d81aaba2457441833b7cc740d1dfc2569c59b6484da903f,2019-08-03,Xiaomi,XIAOMI MI 8,적합
54b16a864c5e62295655d4413df4a6d7d7e3c87c6e840e4da6f62843b35d22cb,2019-03-13,Huawei,P SMART  2019 POT-LX1,적합
a05fb85e1bb1fccfd2e1c8794d0b669e45cc803a34ceea79f901ef58876a3642,2019-03-13,Samsung,GALAXY J6+ SM-J610FN/DS,적합
2f2f6f4b8174d8c60dda4158a08be442bc7b511264fc3d330559013e1a87f7fc,2019-03-21,Huawei,Mate 20 lite  /  SNE-LX1,적합
fccdd657f342bb1ba1134754c46b0ea2965c9e6f82612611d0268a0decbc8578,2019-03-21,Apple,IPHONE 6s Plus / A1687,적합
362f04fa3a6271842036216b7d136440d4e68cb5a5b29d620a2593c0e76d2db3,2019-03-21,Google,PIXEL 3XL - G013C,적합
8ec92e710f48d59219bedc6681172abbbcc7d741de5bad5691d3a9cae9a1cc44,2019-03-21,Apple,IPHONE XS / A2097,적합
12ce75652cb01c664bfe35b8037975ffedfbddefcfafde3a3cac6a17d0517fc7,2019-03-22,Huawei,HUAWEI MATE 20 PRO LYA-L29,적합
2e1381802986854f9255cfd7729424c259885b29f6b6dbe8c5ab33a6c8f52914,2019-03-26,Sony,XPERIA 10 I4113  PM-1181-BV,적합
31d407e9a666bd499db201d1bc21efa3d249ac4c2c507fc8510de30e0288f287,2019-03-27,Samsung,Galaxy S10e / SM-G970F/DS,적합
2259b663d140b0377acb7f6d4b637ce9476af0171b5f793151bea42d8542e15c,2019-03-27,Google,PIXEL 3 G013A,적합
47a979fe1759d2d68966abd4f2eba24c767fb9af9cfacc8bcb15e0c50262433f,2019-03-04,Huawei,HONOR 10 LITE,적합
59ac1154f9476789924aada8edf8226a90b4af854f91b0dd3fe64bf75acff1b7,2019-03-04,Huawei,HONOR 8 X,적합
fa3342b9c8a32833881d9a6d57ff09adf33c279f729b63a6154a978798bd066a,2019-05-14,Honor,HONOR 10 COL-L29,적합
339c9e9b135de31b95dfce10e801a5c6cd98b0c2598af38de39c14099c5bd4eb,2019-05-14,Samsung,GALAXY NOTE 9 SM-N960F/DS,적합
e727a644888d2446b1b9920a2b066ca41d2ad259738be81e8a8fa3250cc13881,2019-05-21,Oppo,OPPO AX 7 CPH 1903,적합
f25646e6d5557c05b0cd5a98bbb70873c3669c4db8f9e2368aa996ab5976b585,2019-05-21,Samsung,A70  SM-A705FN/DS,적합
cb18742e2e3bebc747e0a7f9e9be2061d1e9ca2a427ae5391cf447c6c770663f,2019-05-21,Samsung,A40  SM-A405FN/DS,적합
6df2de5b0fa80913000c228c95d1b1c985fd0801dfcd95bde3b009067ec2c82e,2019-05-21,Oppo,OPPO RX 17 PRO CPH 1877,적합
52afed683b0f1226b7bdd81a36bde6dcada43c7875b722ab0103d437f10941dd,2019-05-21,Samsung,A50  SM-A505FN/DS,적합
51d68dee79f2c4f848bd76a0179451ea50599666994f6e7c9e4855fdf8914026,2019-05-21,Samsung,GALAXY S10+ SM-G975F/DS,적합
767a78a4291a065cca2ac40d8519e4dc126f7bbd33f56824dd4a12515f771c60,2019-05-23,Xiaomi,REDMI NOTE 7  M1901F7G,적합
4a913712ca644538e87a62d35d542bc3fa378840649ff16c42b173c55937a15b,2019-05-23,Xiaomi,REDMI GO M1903C3GG,적합
eb3786322cfdf76b2a1da3b84ce505cd3e5a75a5feda720c069159d1f0b99880,2019-06-27,Samsung,GALAXY A20E (SM-A202F/DS),적합
378c702b2831ddcc6970c8ab4f20b1021e2198b45256b0029517f0d7be7cc0c4,2019-06-27,Sony,XPERIA L3 (PM-1201-BV) (I4312),적합
5fd6d80fa58e5c7ab8f9afcbfd0e7c6e6ba21887fa8d135fd5ae58819e378221,2019-06-27,Sony,XPERIA XZ3 (PM-1150-BV) (H8416),적합
ca7c9c6ae869bd181475e5db4cb07b6828221c5cc75fc1b87312582db79d8b57,2019-07-19,Xiaomi,MI 9 SE (M1903F2G),적합
77200164cd62c117b9bab54319ba13627b7f29ff0102fef2d85d05531bd2c646,2019-05-09,Samsung,GALAXY A80 (SM-A805F/DS),적합
dc8732674f5c25db0e8a1b3dfed56d438c8562bee8b8d44b688016ca83d9656d,2019-11-09,Motorola,G7 XT 1962-5,적합
bb9141b260be2a90c4d76580251a00ff98ffbc97907baa5fdf0f591193edc7e3,2019-11-09,Nokia,7 PLUS (TA-1046),부적합
9f1d5407a81d63d4b9182e00db8062af99810c82f4d961eed355925fe92675c7,2019-11-09,Nokia,7 PLUS (TA-1046) (MAJ),부적합
1a34d1e524c8e7c39a4e050fb5c414398abadeebff5f09104454dd0ba7285b13,2019-11-09,Nokia,7 PLUS (TA-1046) (MAJ),적합
439bb1ba97c55794189d58254bf437a4161f4eb0acfa8f3320ada8c168ef55fa,2019-09-25,Oppo,RENO CPH 1917,적합
f34482eefeda5269bfdd009dc1bb07ebe837f0e681e841b52be85f7ca973da00,2019-02-10,Huawei,P30 lite (MAR-LX1A),적합
19b3f5e9e296e685aaf66d9e9e4d89ac5609976d8d0e893e965acb1b8d4b0b57,2019-02-10,Samsung,galaxy A10 (SM-A105FN/DS),적합
b45a9aca45f83539145eeea90eebcfd53382167d2e17ad0809f97dc6fdae5488,2019-03-10,Huawei,P30 PRO (VOG-L29),적합
35b458900dc8d738f2b07c4d3da64e2d066f0d46fbeb6bb679bb46fa1ce221f5,2019-08-10,Honor,7S  (DUA-L22),적합
a08ffc43927582e7ee516e401a0c5d532745acffbbc82f5ef378584623c1ffd6,2019-08-10,Nokia,3.1 (TA-1063DS),부적합
afa159cf7bc2d517646ec203045855f18f377cb2357c0ee7a49e66ce220b9ba6,2019-08-10,Nokia,3.1 (TA-1063DS) (MAJ),적합
429c8132e0085a3789f776df1dc35b124ed010d09af04efc373237b055208390,2019-08-10,Xiaomi,REDMI 7 (M1810F6LG),부적합
9b7bf94c1a5bf7847ac774b29e5c6fa26f0c6a56eafa493a6f5b2b938a341fe7,2019-08-10,Xiaomi,REDMI 7 (M1810F6LG) (MAJ),적합
2ef2c757b9d03180f71c740a0e3aab87a9587509a9e5deaa7c130f6b39c116ec,2019-10-10,Apple,IPHONE 11 BLACK 64GB (A2221),적합
83c765fb901129a524553b237e5434c8900b1ad93888cbed46066153ff3039ff,2019-10-10,Apple,IPHONE 11 PRO GOLD 512GB (A2215),적합
08a39646cb5532ea6859f3b58d383ab02f93f7116ef08e2888cb0f084979ff5c,2019-10-10,Apple,IPHONE 11 PRO MAX.GOLD 512GB (A2218),적합
8c108d38acf2d4bb683e9e5c3e91f26e8d70766b8da445d79b3d6b320e88c05b,2019-05-11,Huawei,MATE 20X 5G (EVR-N29),적합
a08a0dca07522e50fa98af995978852fdbca238638bf536a533a9712ce1a5c9b,2019-05-11,Xiaomi,MI MIX 3 5G (M1810E5GG),적합
7b9b0800dc9a6a2e5cf0249de7920098a9c02bd7c2cf8de21d00d88263bed5f3,2019-11-19,Samsung,Galaxy note10+ 5G (SM-N976B),적합
958999e3aded36bc0e7547ec236368882bcafeea695c8c009e6f1040485adbb0,2020-01-16,Honor,VIEW20  (PCT-L29),적합
3f3910eaaf277d5df0aef5c875aff34645819202b4795db930bc96f8b7e6314a,2020-01-16,Huawei,NOVA 5T  (YAL-L21),적합
a53301f6b3f33ef177e423918ed676d8072aa3c76d62d4d5068c7140d610cab9,2020-01-16,Oppo,A9 2020  (CPH1941),적합
69a315316cf09ae77182017c2f54e01fd7273539f30e543a0b3d1a9fb10cbf76,2020-01-23,Oppo,RENO 2Z  (CPH1951),적합
500595c6c6b5634683b0f09ab1b9b212dc0b0e62e6b3eae3ef89368c60a0a3ca,2020-01-29,Samsung,GALAXY S10  (SM-G973F),적합
9449810c35d7027ee1a9fe980adfda85252719f4c1d37a59bc85adf4765661a8,2020-01-29,Samsung,GALAXY S10 5G  (SM-G977B),적합
0b9296652242f595af3a4ab00d36c61a7188863275e556a888528a008f1c2fc3,2020-06-02,Xiaomi,MI A3,적합
401e67f8bf32c672ddcc6d83eab83d8bdf2306cacc9b2664c27aadfede4fb319,2020-06-02,Oppo,A5 2020  (CPH1931),적합
23e75a9c99c9534a58d5646a5bf6a528f4513ce39aa1155e9cdc5cace2d9685d,2020-02-25,Oppo,RENO 2  (CPH1907),적합
8faf2adf7c271981ebf62ff1c4bd4603804f0ed0fa85ee179cde9944a19fe6b7,2020-02-26,Apple,iPhone 8+  (A1897),적합
cfbcb8f01567ec02f0c3f7af500566ff65889ff6152008e7c709c3bb22299d4f,2020-02-26,Samsung,A51  (SM-A515F/DSN),적합
4208b05e2614ede31f3575cef7ca835061cc76328a76b34cf03dd773dbcb4924,2020-02-26,Nokia,7.2  (TA-1196),적합
4ffcd98c8c50a3fa1bf1d24dfad17669ac450a790b2c19e3284694d92c381667,2020-02-26,Xiaomi,MI 9 LITE  (M1904F3BG),적합
808a88bfaa02a23a0aeeac1c56dd16ebca71081c74d748164470cf137ec86688,2020-02-26,Xiaomi,MI NOTE 10 (M1910F4G),부적합
d1588c1bc4a4c562610e1205087ed66cff2b4e6a76e996ecfd9640f9ade149e9,2020-02-26,Xiaomi,MI NOTE 10 (M1910F4G) (MAJ),적합
869c3bbafdf1be6617562ac9c68f6c7bb87e091402a4748c470e9781d43da0e0,2020-02-26,Sony,XPERIA 5 (J9210 / PM-1241-BV),부적합
af8823fda7ac52b3938c423466082501f4397f69604c07e2d55b32358be8dbb1,2020-02-26,Sony,XPERIA 5 (J9210 / PM-1241-BV) (MAJ),적합
65e6d030985f47a7e5daf2bd4de6d2b9ada700d8b341340b366a240d61f0f5ee,2020-05-03,Huawei,Y5  (AMN-LX9),적합
6a516cfba063f6a79106cca0ba09c0fb3559342956b86cb157c60fe3509c5908,2020-05-03,Huawei,Y6  (MRD-LX1),적합
d2b89f1801b0ec930b4b00bc8fbb697b87eabd7951f471c8b509fc1e260aeaca,2020-05-03,Xiaomi,REDMI NOTE 8T  (M1908C3XG),적합
43c3e6ba6e6f8519fff41d79bdc346ae15777e6fd7099769579c2329a23a3eb1,2020-05-03,Honor,9X (STK-LX1),적합
ce8d3b346e76cecc1e1a9dd10df40b0d3d0a5898538f59df6f69be22afd8f02b,2020-06-29,Huawei,Y5p / DRA-LX9,적합
5abfad6e6e26b3d200f4c91bc36528ccc44a1a7ac2f2baeabca52f244ec84852,2020-02-07,Huawei,Y7 2019 DUB-LX1,적합
ad0193328a806cbbd44ed6bc10b2dc8c23fadf55bcdaf9fcbe3f6ff9ac72e3f7,2020-07-22,Huawei,HUAWEI Y6S  JAT-L41,적합
91135ba0619a62490b37451ac437d150bfbd8a823a4934dc889a7328f258f736,2020-07-22,Huawei,HUAWEI P40 LITE  JNY-LX1,적합
f8ed913c87b81668aaa3b9fd3e583eb3590861c4115d38d5832648aa982c4270,2020-07-22,Oppo,FIND X2 Lite  CPH 2005,적합
01c16845207f16602af0a0fc1909023ea79cf3eae4b37d6b2f2bf2fb34a3e3c2,2020-07-22,Huawei,HUAWEI P40 PRO  ELS-NX9,적합
d8cd654eb2fec2b05bbefba72e5ee5dee411996b1d54e2e53555d4b0c1631083,2020-07-22,Xiaomi,REDMI NOTE 9 M2003J15SG,적합
f27289f50faa03f08d17820381cfdad81d22372ac46d3d655607a355a325a512,2020-07-22,Samsung,SAMSUNG S20 ULTRA 5G   SM-G988B/DS,적합
edef0c07a11790f1a3b29584e9f34b05c955786d8a66c8b5eeef80c5b58f427b,2020-07-22,Samsung,GALAXY A41   SM-A415F/DSN,적합
0147fb89a90b4bf2e100bf0a6201b3034199d14ef6508002cae8084653751b96,2020-07-22,Samsung,SAMSUNG A21s   SM-A217F/DSN,적합
1a4e0646179e40d1262a862cc88b6fc07543e1ad5a92b1dca622ca7bc862a8d5,2020-07-22,Nokia,7.2  TA-1196,적합
292278e8e36f137c8270c1582d4c8fb5da3eba08e45438b9d1a28ae214ed485a,2020-07-22,Samsung,GALAXY A71   SM-A715F/DS,적합
9b4b1ac4a7bbd6d92ab00b9ad09d401e1935410ccdf98e6727bb7edf4a33d1c2,2020-11-08,Samsung,GALAXY S20+  (SM-G985F/DS),적합
ec7d5d65ba34cff61fa6cbc973c342e0916b25e4267814f6c3e67e0d5ef458f2,2020-11-08,Xiaomi,MI 10  M2001J2G,적합
ade48eee642180b256d1a3d28be51d3c2f3d385d03123e19ec9bbf19a41b4c37,2020-11-08,Oppo,A72  (CPH2067),적합
089afa116d64348b801181cd0314dc2a702ab0df73b144f41b02051d296c2cac,2020-11-08,Oppo,FIND X2 NEO  (CPH2009),적합
9137b079ea7e2a97168536c6ecfb0e044faeacb0887b81dc11b48ba24af25c5b,2020-11-08,Apple,IPHONE SE 2020  (A2296),적합
7a5223a190f632de1dd4f84e65cd77f499dc802e0f872c7af1545a073952e8f6,2020-08-23,Sony,XPERIA 10 II  (XQ-AU52),적합
478e5fb4292fa3f8c90cfc02b5e63fab53eafa865701fde781f073f7066b7413,2020-01-09,Huawei,P SMART 2020  (POT-LX1A),적합
0939fc0cf0a654f1018074755c88df70effb937e5f1e5da66dc6fcd718a1692a,2020-02-09,Nokia,800 TOUGH  (TA-1186 DS),적합
6b76e6c979006164f11dfe5ee20674adf3276d1fd539c1592e132995392ad856,2020-09-09,Realme,6  (RMX2001),적합
3af6eaf6f1bac2038ee863752e43da3d2bdc68b5b992cea0fadb2801e000d85c,2020-09-09,Samsung,GALAXY NOTE 10 LITE  (SM-N770F/DS),적합
520e0c9ec62ae3c871f33d15b2a5322a7e7d25d0802098f0f114133fbfa3d961,2020-09-15,Sony,XPERIA L4  (XQ-AD52),적합
8fc667e1a8de91e485ef1c9a809e445e9be4336598e9dc5814922c19097dea3f,2020-09-29,Huawei,HONOR 8 A  (JAT-L29),적합
f4231de51fa0b96615ae50a4da770c72200bb21a76a1b848443845a95872beee,2020-09-29,Huawei,P30  (ELE-L29),적합
e6c3ff9e17facb66264eeccf0c1fe859bbc9c8bee3d38a5947fbfbc3901d98a6,2020-09-29,Motorola,ONE ACTION  (XT2013-2),적합
e0f6d01bfc8fc78d39737c92ed4bebd593833a45454a04518fefe2a94b8075b7,2020-09-29,Nokia,5.1  (TA-1075 DS 2/16),적합
ae63d667a360654dbdf82c5ef195d66d7dc82d190378e56b70f060a21c7393bc,2020-09-30,Xiaomi,REDMI 9 (M2004J19AG),적합
3db31a26e9cbc5b402eece777763f580cd8bb19c537a343444bec3b710d7d2ba,2020-10-15,Samsung,GALAXY S20  (SM-G980F/DS),적합
8ec017a2cc1971bb33a4720b2841b5ae62a0a540541eee9538dd96934b9658c4,2020-03-11,Samsung,GALAXY NOTE 10 PLUS  (SM-N975F/DS),적합
1c7cc369caeb84cba1957c3c5428419562bca15494e37f8059ce23f0bfe4e499,2020-10-11,Samsung,XCOVER 4S  (SM-G398FN/DS),적합
a823df2837b48e5be6998a57ab1d9a4f655b882187f6f5b7e2dfda088f59bc99,2020-10-11,Xiaomi,REDMI NOTE 8 PRO  (M1906G7G),적합
02299c10422252b7da79f14af3b97e0b24e06cc4dac9fdefb2b424999c83bb9b,2020-12-11,Huawei,P40 LITE E  (ART-L29),적합
382c5226a29efb0e913d9a7db47f4499f24afdbd7aaab368828013b7fa3e3286,2020-01-12,Huawei,P SMART Z  (STK-LX1),적합
fc1937f2186bd21748c6e62130b8ce8cf8be6bd2f289561e9a4b7aacd425aa06,2021-01-21,Xiaomi,REDMI 9C (M2006C3MNG),적합
4b9dc4ed3816ed71e7f5964fd346879f1c5262654ab77fb94d9f3fe253d0496f,2021-01-25,Honor,8A  (JAT-L41),적합
f4fe0133bb208a1f1e0a73494ac1d6f7d39e7bb807b00569d7ec5be5aef1db97,2021-01-25,Huawei,Y6 P  (MED-LX9N),적합
80ace3494786e483ae72f989604a02559634c50efbe35beb8628db628954e8f1,2021-01-25,Realme,C11  (RMX2185),적합
bc4750c4a8ff6ce119d6c88cfeeafe79f6c4ddc453f30424262a9d1a8ae5070e,2021-02-24,Samsung,A31  (SM-A315G/DS),적합
b646852edea5532f73813fc1f329848162b947a2f562839d80d8d82093c5deb8,2021-02-24,Oppo,A53  (CPH2127),적합
33937e2d5dc1e5fdc5e14c3e06e589afb1586a58e626e0f79446720724d7e042,2021-03-03,Oppo,A53 S - CPH2135,적합
86c67c434058238356a9aade370fc73543980929918f0158d4f59fd123a15375,2021-03-03,Huawei,P Smart 2021  (PPA-LX2),적합
a3d65b24dffb7702dccc7f04c368030725f860854c70713697bbb03106b48464,2021-03-17,Honor,10 X lite  (DNN-LX9),적합
125a09c80cd7e743bc2b3802092c3426400c7d0101ba00a51d59774622e96765,2021-03-17,Realme,7 Pro  (RMX2170),적합
cc1ac35077891e8d445018bccbc0f1c9b9cd6e755c55424aa2bebc76bed9557f,2021-03-17,Oppo,A15  (CPH2185),적합
ba66a84e01a756988afbb796b7de111392fdda917e8702d919eec9370491081b,2021-03-17,Vivo,Y70  (V2023),적합
18d134f7ceafa5d47f61df679dcaf44a9f4d6d8ff6c4e5e82e4a8b3040418076,2021-03-17,Vivo,Y20S  (V2027),적합
9b2b5dda8407cf9df63fea575fe8b171d2c79bafe769c63865c61a615be045df,2021-08-04,Huawei,P SMART S  (AQM-LX1),적합
0ef242908b530fc24f902fdd56ca29dfc0f68b9b9298c1af5edd1678970aaa6e,2021-08-04,Vivo,Y11S  (V2028),적합
9a214351dd51ba2b639f70caf981777fecdd14fff3d7fed9b4d2fcfd26d2c512,2021-08-04,Samsung,A12  (SM-A125F/DSN),적합
e5082d99d22acd279c7b8ad7950f99654387e47e530a35b56fca61050e28be84,2021-01-25,Samsung,GALAXY NOTE 20 5G  (SM-N981B/DS),적합
9ee3a5d99d23fdf4068bc380766e9867f5ed983a9367dde5a238babb9027a218,2021-01-27,Samsung,GALAXY S20 FE  (SM-G781B/DS),적합
7c98e3f7ca8142b043718cc4b8f22da2693e632e957dfcd2bf24e8f662d2fee6,2021-01-25,Samsung,GALAXY S20 PLUS 5G  (SM-G986B/DS),적합
e1caa449d7169b9d7dfdec81f395834e7c8b9caf470a0aef5845fcf5195173af,2021-07-22,Samsung,GALAXY S20 Ultra 5G SD865 (SM-G988B),적합
1aca687489540c23e7b55c30c031d33d9be3f893970a814e11b0853a39690ed7,2021-01-27,Oppo,RENO 4Z  (CPH2065),적합
2f2823fa193a87676001f0375d7403871f9e688aca12b46fd6ab91bf614f3597,2021-01-27,Samsung,GALAXY A42  (SM-A426B/DS),적합
3295538deb096d739d07a5eb551193193d73eabf930b8e2454c5e5221d503d9b,2021-01-25,Xiaomi,MI 10T LITE  (M2007J17G),적합
9ddbcac8a86ff02ee7d48c5da1f9a9c1de8c93a6d04d1306cfbe537bd34fab42,2021-03-17,Samsung,Galaxy Note20 Ultra 5G  (SM-N986B/DS),적합
71869e78bd0fac3cea7299075fa313a58ab61c2fa0c92ddfd800c172bb460b78,2021-02-24,Oppo,RENO 4  (CPH2091),적합
83b0feab974a93edf8a6993a88de47c68fcbedc41e19f0e4aca2f671fcf9a60b,2021-01-21,Xiaomi,REDMI NOTE 9T  (M2007J22G),적합
926a6763f62039173598aa3937dde40bf0069e13593102bf7574cd97a478d216,2021-03-18,Vivo,X51  (V2006),적합
6248368d354197995c7b32a5d41953b4df348e25157ac04ed43c76aa926e26bd,2021-03-18,Sony,Xperia 5II  (XQ-AS52),적합
ef1d088648d829303c3b484e2925d20cfd2affdf23faa5b7d26705b318f46ad6,2021-03-17,Realme,X50 Pro 5G  (RMX2075),적합
1bfda8d6e2fc508ca50b03cfb5ff742403278a05ac200a7e88f06cefb636c115,2021-04-21,Realme,7i (RMX2193),부적합
d4868abf57b0c6bc2c9df96c9a7be02dbe4c1d25bf7f2892fa6b37debeb8f0d7,2021-04-21,Realme,7i (RMX2193) (MAJ),적합
fbecab20f482c2e186b64bc4373165d76ead9c0c57fe9e1b4e53e60ff5787a43,2020-03-11,Samsung,GALAXY NOTE 10 PLUS (SM-N975F/DS),부적합
f3dc6c19411656306475a52dd027b524fbefc3e46a79e9d9fc76a5724bef643b,2020-03-11,Samsung,GALAXY NOTE 10 PLUS (SM-N975F/DS) (MAJ),적합
18707f9dfd6a50186aaeeab776c0e18d793e84ebe0faa7caa17e5a8b6a9f69f7,2020-03-11,Xiaomi,REDMI NOTE 9 PRO (M2003J6B2G),부적합
b1bbeebcfdb21463cabb4364058309ee870d018b261fffcfea9def420f851aba,2020-03-11,Xiaomi,REDMI NOTE 9 PRO (M2003J6B2G)(MAJ),적합
ac64848859aa2d0f103e90040fdc82242c05a2543fa39f5d85e6f0ca449acd47,2021-01-06,Samsung,GALAXY Z FLIP (SM-F707B),부적합
85b0001546bc155c7ce0b8d1d99f0ffe2315e62abdb1cb836bf7859f45a577d9,2021-01-06,Samsung,GALAXY Z FLIP (SM-F707B) (MAJ),부적합
d9640e631fe2a9a67168f75c986a7fee70610bb04f21bd4acb3fb050ec77326c,2021-01-06,Samsung,GALAXY Z FLIP (SM-F707B) (MAJ),적합
081830920eb96c01733f1a3c310bdfe50191b89b9d293f396b73b6aa6c81e38e,2021-02-18,Oppo,RENO 4 PRO  (CPH2089),적합
2c00b51282c6c8a03843def46664563727ee9fb7fb71a636cd3f11e09d1996c2,2021-02-18,Huawei,P40  (ANA-NX9),적합
f5c10ef71e686ab7fa94437c7d8046b36ddc7c9758c4610e2bd010a0379fee83,2021-03-18,Samsung,GALAXY S21  (SM-G991B/DS),적합
b66ead6550b59867d8da4e287f5519474f57f035155a3b92268d58e10c537c26,2021-03-18,Samsung,GALAXY S21+  (SM-G996B/DS),적합
51a60548f078feafeb78191be5d110e307f0310c5792d53cf83540bfcb58c0f4,2021-10-20,Apple,IPHONE SE 2020  (A2296),적합
c2a169f548edc2766f98dc9bc1d722d0afce31f4d1d3a5c2a70dbfefc0d66a42,2021-10-21,Samsung,GALAXY A52  (SM-A528B/DS),적합
5ab3f925380845a6f323bd76c3b4a1c4c6779f44887f60a9104b0307fc914020,2021-05-05,Realme,7  (RMX2155)                             ,적합
e76085d007c9f6a6130a1c917ec2002e194eeebdbec5091347a222a5086a1406,2021-05-05,Honor,9X Lite  (JSN-L21)                         ,적합
b4ab64d36c75266590f87c03b63750c30a4de73942f08bdbbf550d4241d9b9a3,2021-05-05,Samsung,A02S  (SM-A025G/DSN),적합
b7cb8da8af8a00e919aa5a5d4afcfd18aea91e2ca30cd92369f0a99a08292040,2021-01-06,Motorola,MOTO G50  (XT2137/1),적합
4417a5c5084f15105420a6d98c982fc527c89476638a009fa85cd96ab002b10b,2021-10-19,Oppo,RENO 6  (CPH2251),적합
ab0c1761e61b43be2204b141013408e29b06f041656abfdd38028449b752a423,2021-02-24,Xiaomi,MI 10T PRO 5G  (M2007J3SG),적합
5474eddcd7f32fdc615a69846b5e9d844e8291539bd6fd232a77ba20cdc1c4c5,2021-11-16,Apple,IPHONE 12 5G (A2403),부적합
50eb1a67c7264a298d734db18cd07abd8764a5b186add65c289a47f5f2ceec98,2021-01-06,Apple,IPHONE 12 Pro  (A2407),적합
cebc2ff2e6adc4b179d77f1a56740b4adcd9d784487d07b110e1b9229520c509,2021-01-06,Realme,8  (RMX3085),적합
6f72d57a9629d71b0659987f379da068e9035e5ecea252fb1ffb326ccb41046b,2021-01-06,Samsung,XCover Pro (SM-G715FN/DS),적합
39a1a7e6a67fdd6f558958017addb4ab1f17c8c221c1ec9e0e7ea21800b4d7d9,2021-02-06,Apple,IPHONE 12 PRO MAX (A2411 - MGD83F/A),적합
4c0c515363d652d9c0e712e4592097c9f27c2a152d758d9e31578fc6e792494c,2021-02-06,Samsung,GALAXY A52  (SM-A525F/DS),적합
9f15d3f9e94822241665373da9cc4d8c58572b6e7b7f7325671b6f635a78c93c,2021-02-06,Samsung,GALAXY A32  (SM-A325F/DS),적합
1fdd8fde84da11969e0fc190775ce4f99a46d68822e7001ec318239946fce814,2021-02-06,Motorola,Moto G10 (XT2127-2),적합
ceb375dbacec3fed28b68b9bbe887c027690b1f383019fd0e38e650ba126042a,2021-05-27,Nokia,4.2  (TA-1157),적합
f2039d761be7b53added134589818fa2e87007611756ccce111569598910554e,2021-08-06,Realme,8 PRO  (RMX3081),적합
10c4e0c2e018677993ce557cc9cc6bc9edd11041af9cd5482c71b1fff375de6d,2021-08-06,Nokia,8000  (TA-1305),적합
c52978cdb46638d7764eae38f23e70b0b925a398a69e3ce28adbbdac0b6f8a2f,2021-02-12,Sony,XPERIA 5III  (XQ-BQ52),적합
70a266af709d37fc12cdfadbcb8df4e636ffeb366dca29ffa9a26f2c2e015b57,2021-02-12,Vivo,X60 PRO  (V2046),적합
67ecb2be72d11d5d2afcafb0845f26ed0abc6a49e0b9371bb443c80f92996e94,2021-02-12,Motorola,EDGE 20  (XT2143-1),적합
00bb4247ac954bb6ae7ebd2a149ee56cdfed4f5d14938c9d2b01e9934d32431c,2021-05-05,Huawei,P40 PRO  (ELS-NX9),적합
c1dc188aaff40a9a69069d58c06b001ab7bf8a887e24dee578adbf5a55b63910,2021-05-05,Sony,XPERIA 1 II  (XQ-AT51),적합
ef77548852efc28b144e8d71bfe18c8345ffa87c0734dedd7a1757c6261a4b0e,2021-11-29,Motorola,MOTO G9 PLAY  (XT2083-3),적합
2bf6a696b39db29fefe3a719fb288535025f71b8571bfa09d264b623456f32a2,2021-08-04,Samsung,GALAXY S21 ULTRA  (SM-G998B/DS),적합
71c12f90145241fe4dd74099ab876b4bead513fa9949998849dfdd810c8672fd,2021-04-15,Oppo,Find X3 Pro  (CPH2173),적합
ad6057b8968e981060d304175155dd8da62b58ecf08e57c5631d53925247937c,2021-04-15,Oppo,Find X3 Neo  (CPH2207),적합
579df1dd85415f452becff5f043d1ae4d7e18358bbaf06d34fb8e0cf8fe930bc,2021-04-15,Oppo,Find X3 Lite  (CPH2145),적합
c1bcf410794679ea1f15188ab85b77f0d6747d86eafe46467a9641b080f38930,2021-04-15,Oppo,Find X2 Pro  (CPH2025),적합
bc40a1314d95b2a36ea9c6fd4fd7a115c0e2003eca612fbecdbb9f091ff96f92,2021-04-15,Oppo,A54  (CPH2195),적합
8d14eee1f2f9fb4006044c790f092eed91fdb9544ea837bb95a8cb84a5356a8b,2021-04-15,Oppo,A74  (CPH2197),적합
7518d11de40a8403703b698fe3d6c88df99cff147e541dbe2542fa620c77ffc8,2021-04-15,Oppo,A94  (CPH2211),적합
f0d063dfc68c31aa5655f67b381d64c0ed028badd2ef6ddcacdef3c09d13d8ab,2021-08-12,Samsung,GALAXY XCOVER 5 EE  (SM-G525F/DS),적합
a444c011e46797b620b325be63a32578761757866bbaecf4c78538fc0a91497f,2021-11-17,Samsung,GALAXY A32  (SM-A326B),적합
33f03a458c464afe42ddbe1247d4464e95a9685bde7fc7b643e0343cad5e37d8,2021-11-17,Samsung,GALAXY S20 FE  (SM-G780GDS),적합
c5b34cc1cc56b5fe5cbb62dd11fb304376b3fa4724b5513fb24bdeb86e7a345f,2021-11-30,Samsung,GALAXY A03S  (SM-A037G/DSN),적합
6bed5448dfb7e71836c24c5bf9b4d198961ff086c8ccfa7e849fcef75dfd28cf,2021-06-10,Vivo,Y72  (V2041),적합
b469fd05f50c179afa9113e9243138fb530a95190f84fd65dcc4ada50037a212,2021-09-11,Samsung,GALAXY A22 5G  (SM-A226B),적합
0c6d98db6d5a8db2535916bc12de2e78428aaba2aed53ce52effedca1e8c87ab,2021-04-10,Samsung,Galaxy S20 5G  (SM-G981B/DS),적합
ceea373068983f117f74a2839a5401976fbb12d2aa9f1729755e1037d7cdda6e,2021-04-10,Oppo,Find X2 Lite 5G  (CPH2005),적합
a96ee7cd36dd17af9fc771b5d1148489673d9f0bbe79968024577bffd7aa53ad,2021-11-29,Xiaomi,POCO X3 (M2007J20CG),부적합
d3a7505a1d84b096c7049200455e3dc686d174a4343ec48f4afcba62713b0966,2021-11-29,Xiaomi,POCO X3 (M2007J20CG)(MAJ1),부적합
57761f903f5242a7d99265877ad3c0606824fac400fce4f395876d0f9811fd47,2021-11-29,Xiaomi,POCO X3 (M2007J20CG)(MAJ2),적합
0f32c59678a59e7d372b3ddcbdd8cfffda9d0feae7fa3abfd8b4bbb7db61e9c5,2021-05-05,Motorola,EDGE (XT2063-3 / MC351),부적합
c8e049f8881e8ae66b50cdfc082b11cd7c24919572aa24a8d09ba094ad15c950,2021-05-05,Motorola,EDGE (XT2063-3 / MC351) MAJ1,부적합
2cc7167989518dc92fb34a4a4caa6c3f9bb08d38a7bec89e7430fc33d2ad2de7,2021-05-05,Motorola,EDGE (XT2063-3 / MC351) MAJ2,적합
f28fd29e2a549b04df0d65a496143044856c915243ba27950b5724613aea2160,2022-02-22,Samsung,Galaxy Z Fold 3 5G SM-F926B/DS,적합
97884dd54288054045092b508113ad4c38b1baccaf80112f0ebb8f3916a5030e,2022-02-22,Huawei,P50 Pro JAD-LX9,적합
c067adc5a657cf8055e973e336a724c078aa665501f715a900a2ef2418af1d86,2022-02-22,Apple,IPHONE 13 Mini  A2628,적합
d5cc31fabbd73b928a2321b26357eaec962cd7dbc6fb0f0e941e33a89fe4337a,2022-02-22,Sony,XPERIA 10 III  XQ-BT52/HQ-BT52,적합
e9417278bad717062b8045f78c00d9b6f52b6cf02f85d4cb24dec7f591764923,2022-03-03,Realme,8 RMX3241,적합
8556a5505a0f93d8d8c2c5c66a02c0501e2a97ff0bdad66e340621fb959f4158,2022-03-15,Realme,8i  RMX3151,적합
b389306831952a8a8ac9ad2b4b632c60ea7b938295b35bcbbfa09edcfe38ffba,2022-03-24,Google,PIXEL 6 5G  /  GB7N6,적합
4c91b6122f28c4eea188b1c8c1967076989edc0bf4bcc86f9cdc157c36a48216,2022-03-24,Samsung,Galaxy Z FLIP3 5G / SM-F711B,적합
49f05c26b18e3510b89dd17ff7c455c80b1cdcb8b86d2d1c258394785e73395a,2022-03-24,Samsung,A52s 5G  _   SM-A528B/DS,적합
523053e733de2411f9531fa0d51d7a3c4d1e0e72512342a935e76b5bedd107a3,2022-03-23,Oppo,A16 CPH2269,적합
ebb749c5a67c1bf31592f600b7b4ca055d727cf5a9976fc81f34c7a2976a27ec,2022-03-23,Oppo,A16S CPH2271,적합
b65fbccc9813173318a09c4de96837cf7f6d26ac77d0d3751243df8486b61fbf,2022-03-23,Oppo,Find X5 CPH2307,적합
fe255d9db51abdfb442a39d7c82aee50b47a09ff6863bef97d3adec4c8dd86df,2022-03-23,Oppo,Find X5 Pro CPH2305,적합
ba88dc52b13bd16726947f21501cb91fe5cc57ad72ef479dbbe871051e1fd35d,2022-03-23,Oppo,A76 CPH2375,적합
fe20b6045191b209904df599634810b5b0333ff76e4426463dbbd2b8ae5d4eb8,2022-03-23,Oppo,Reno 6 Pro CPH2247,적합
231a02c3ae4f6df17ad121659b2ce84033fc86b6ab352effa1f7353547b2e7f0,2022-03-24,Vivo,Y52 5G V2053,적합
0dd76e2afb06ef0ab837af7d786fa6c036d8ec3fc78ff029b4266212b1182a07,2022-05-04,Google,Pixel 6 Pro  GLU0G,적합
d4e9ea456079af5ea0820dd815bd6e869ae61138e51a5dcf24d98628eafeaba5,2022-05-04,Samsung,GALAXY S22 5G  SM-S901B/DS,적합
203cb3aacb4929f255323265210b245509c1c8fa8ccc759c2349adf851391f97,2022-05-04,Samsung,GALAXY S22 Ultra SM-S908B/DS,적합
0f29e0c745536e6bc0a190c0cda3f55ed44478b153af009ca39a2ffe1513a17e,2022-05-04,Honor,50 Lite  NTN-LX1,적합
a6145da207903aa4b9d49ce00ecc65b61bc3ea6fd3829abdcc5636aa1b4f14a8,2022-06-04,Vivo,Y21S  V2110,적합
589717b689fd1e22b5dadc7fc65799e67808394b5dacb24eb645378e9ed29405,2022-05-04,Vivo,V21 5G V2050,적합
266bc54edb42aab9f4b53d4066f847923c2a303bccf86ceb56896f252c9e6acb,2022-05-04,Realme,C25Y  RMX3269,적합
48117340b85c9bae218cc613ab3f09b200b7c5b0884e51419f65b1bc8428165d,2022-05-04,Realme,C21Y  RMX3263,적합
a0cc0ef3ac6b1581d1cbebfe2febd554637145c8ed5224788c2e8ff77d274a45,2022-10-03,Motorola,G31 XT2173-3 MC3B8,적합
aaf75d780c7ddb4f1b348d7a813ecb6f40f275f59a2da606a7c7123b529c87e1,2022-03-24,Samsung,Galaxy S21 FE 5G  SM-G990B/DS,적합
2122285010da8c581f43dd7fa407066b981cd3bbaf02d61c4a69f0ecb361a35d,2022-05-24,Motorola,MOTO E40 XT2159-3 FR 4+64 DC DS,적합
0e4a0c8c93ef0e2911871f437427c4d9d95e9f1f61e97cffd44eb025266a0280,2022-05-24,Realme,C31 RMX3501,적합
e69e1bd5459a6aa58f35de29aa81a14ed70b63311fcce92f1f27d425b8d182ed,2022-05-24,Realme,C35 RMX3511,적합
a073d2f2abade3ae79742eb87c01dee6233878e620fd618d2852d04ed27946e7,2022-06-20,Samsung,GALAXY A33 - SM-A336B/DSN,적합
ec958051024e23a8c71c2afd743b51b39d13dcff001404ba5c21a076f8599915,2022-06-20,Vivo,Y55 - V2127,적합
8c033072125609323d506f144c691af5621b7e8d094894991054c4119c382441,2022-06-20,Vivo,Y33S - V2109,적합
c70002674e54609ec8e230a6e50203cb9ce48b52afb94e6fce28f58340405c10,2022-06-20,Vivo,Y01 - V2118,적합
a85b50e74a9992a9a7e97e16f9a275ec9429c326c459b0a50bc05c5a0825a546,2022-06-20,Realme,9i - RMX3491,적합
4520bbb20daf1166ac21876fbd12015fc5ef010944c34e75fbea3fd63de6aca5,2022-06-20,Honor,X7 - CMA-LX1,적합
6616a128c0e3d6bfc222b8653b536bf873dea50f9dc2ea30241fc8d83d404c34,2022-06-20,Realme,RMX3363 - GT MASTER EDITION,적합
e0860efe9e204b67327ca1c11efe75dd3f0fda795d4fd9ea553f10c796db2c95,2022-06-29,Honor,50 NTH-NX9,적합
c27aadaeff64ad640a5d07649899c1a19808d4fb76253d3ecdd7f5d7884440d6,2022-12-07,Xiaomi,11 LITE 5G  2109119DG,적합
a7997f84a51fb065754dceb3d13e7df67d969d28b67af294bba7aa2eb225cbaf,2022-12-07,Samsung,Galaxy A22 5G SM-A226B,적합
fc31ec07694c44355cdd57d54f4ba316e952c97ef28db621c1c54dbfc261ea35,2022-08-18,Samsung,GALAXY M23 SM M236B DS,적합
9a5d01165394b1f3c14eacdd3b36601393844c5d7255d025d570154da85feb75,2022-08-31,Xiaomi,12  2201123G,적합
f66030befd358e4fcad6c9d36ce72c73b1afcce7661b4af61a9e977cfc723bca,2022-08-31,Xiaomi,MI 11T PRO 2107113SG,적합
4dee466427e27325c48ed5165714c1778e8fcd59c35df2dc363a9575c0f406cd,2022-08-31,OnePlus,ONEPLUS NORD CE 2   IV2201,적합
834beead54c12d241e5e20802fbc7c50b7e0219292ef783189c2f3b519569f3e,2022-08-31,Honor,X8 TFY-LX1,적합
92a92c2066fd7222954d067dd64951c23d807a5d4d766eb2eac6e6df4ed394c8,2022-08-31,Motorola,MOTO G200   XT2175-1,적합
d6429f29c00f766d0c1c8b29402732f5760f6b88071f32fea2654740c11ea8a4,2022-08-31,Motorola,SMARTPHONE MOTO G51  5G  XT2171-2,적합
e903c9b189ebf150ce97483ec8f38534adbaa8f4ca69e63e19b7d3dcf3c3f267,2022-08-31,Realme,SMARTPHONE REALME 9 PRO+  5G   RMX3393,적합
40210be139331096c8aaee3c6244c84616f68ab9c499d09edb01f1601949f952,2022-08-31,Realme,SMARTPHONE  REALME  GT2  5G  RMX3311,적합
b956ae6b31a8cbd37340d7b0172226c2503d543c256449bc0abe553cce28151f,2022-08-31,Realme,SMARTPHONE  REALME GT NEO2  5G  RMX3370,적합
fb235b9aad39d7b723b7fe210615416c4ab729495413d483658deef55f880a77,2022-08-31,Samsung,GALAXY M32  SM-M325FV/DS,적합
3c25dd56573476f2b95b8c55c8a705a7553aa86c97f70b494bfd1247c9c90c1b,2022-08-31,Honor,MAGIC4 LITE  ANY-NX1,적합
82d526ac64ca6472192050d6c3423653ea86c6d14995d6ad37c7519118934f3d,2022-09-21,Oppo,Find X5 Lite 5G CPH2371,적합
c54aac8d26e494702dbecc59d94dc57a50dd5828c7446ef56201f198649f58ee,2022-09-21,Oppo,A77 5G CPH2339,적합
3b6d26f939c821f78ec1d7413b424cc8034df0de8690198c9081ca45c55a3fec,2022-09-21,Oppo,RENO 8 5G CPH2359,적합
398b6ccfb0207e7abec4fc1ef2de9779e7a1197efd0f463affe1cb9b9a1e6e64,2022-09-20,Motorola,EDGE 20 lite XT2139-1,적합
ab5d2fc897d0f7e97e7cf6331b047b5f074e147df25d1da101b715698dc50b89,2022-09-21,Oppo,Reno 7 CPH2363,적합
594d1041eada590329a89029338aae516a3211b79c0f2cd420778a7ecef69142,2022-09-23,Samsung,XCOVER6 PRO / SM-G736B/DS,적합
9fbb3726ad1466a8a9dabe821dd853220d407181977bb6ce81851ce6866f4029,2022-09-23,Samsung,GALAXY Z FLIP4 / SM-F721B,적합
03e95f6b6a2f04beb97e0ff94a8062674669306f77ba2d90db4d1bc755c847f1,2022-09-20,Samsung,GALAXY S22 Plus - SM-S906B/DS,적합
a69aa79d896652e4ce1d8a91190b54ad9697c4a08b9e7a71ba6a1064820366c4,2022-09-20,Samsung,GALAXY A13 - SM-A135F/DSN,적합
9550c5c4d667f2a207001613b48c014b452e98a3a17cdda0f735dc89ba085c01,2022-09-20,Samsung,GALAXY A03 - SM-A035G/DSN,적합
aee11ed07ec62ab3e6bcbd7581ec7059605d9332f9ae8f04338b361697571c42,2022-09-20,Samsung,GALAXY A53 5G - SM-A536B/DS,적합
684f5d03972f024c8fc6b5b3c95e1a6acb456a897d3b851f8500c5df96c77b34,2022-09-20,Vivo,VIVO Y76 5G V2124,적합
0ccbe452acc05fc89904e9477f7e256972bf3158349f2e511dd27a3265c3903d,2022-11-25,Samsung,GALAXY A53 5G - SM-A536B/DS,적합
eea917a817fcc6c6cd0604364cd00fe98de029a221f7c6af483ed30f983fb7d5,2021-10-27,Apple,IPHONE 13  (A2633),적합
4f4c723611fce8aea84f26c7ed8a12fefc4c797fee5a9905bb8119bd7f8279a3,2021-11-16,Apple,IPHONE 12 MINI  5G  (A2399),적합
1b08878fc7c165d22951659d1d5f93ed6e87291933b1a3ec521b448676a772f9,2021-11-16,Apple,IPHONE 12 5G (A2403) (MAJ),적합
a8c14a48cc5fd88f1413daca48928816a73c79bb4d38ff1803a3f7d51ca49dbd,2023-03-28,Apple,IPHONE 14 PRO MAX  (A2894),적합
d2c067aa521b605e6db9a13dcc07fe4c1eec7146188c911a379735bbda729709,2023-03-28,Apple,IPHONE 14 PRO PLUS  (A2886),적합
84c748705a8791afd42e2bbd542dbd5cacf34f0eaaa4e09a23f355a7b7233100,2023-03-28,Apple,IPHONE 14  (A2882),적합
928003786ba8df02b1617f2243971248cb517f98ba9dc72f0d22120b2708c960,2023-03-30,Motorola,MOTO e20  (XT2155-6 moto e20),적합
592c80e711f3473be5b742e3f8b0aafdf542c3d2bdb99b1f4fb964db10ab9a89,2023-03-30,Samsung,GALAXY A23 5G  (SMA236B/DSN),적합
6c94a77b30635cd3e275edf45ea1724614e0b1675e25c7fddf2262e42c4718a6,2023-03-30,Samsung,GALAXY S23  (SM-S911B/DS),적합
3298a5b1ee3abeb44de26e2a102901eac46b003e1aad1f26dc0945d05fbaad98,2023-06-19,Motorola,RAZR 2022  (XT2251-1),적합
85be7c06aff3a17ff63b4cdbd6735704dd2621bd72a8dc98af76320be771fa33,2023-06-19,Vivo,Y21  (V2111),적합
f5f8f9c050ee958717b0a235f19c0763cf5f5bc476ee1c479b8adc0a9a1f6791,2023-06-19,Vivo,V23  (V2130),적합
603c6aadbaa779eae0983b496831f0390187d8a1ae7876cad1e4d4bbbdf14265,2023-06-21,Samsung,GALAXY Z FOLD 4  (SM-F936B/DS),적합
fe82e4cf85a6e01857abd89073b0eba77c289d95577d05713f5e852419a4def5,2023-06-21,Samsung,GALAXY A54 5G  (SM-A546B/DS),적합
87e4f05651f6b1c6fc10b8734069691dce299ccf0b832192aba6e3ef09551654,2023-06-21,Xiaomi,13 5G  (2211133G),적합
3dbd18365c93f283de84949b187a3284403df9fcd2829cbd2524faa6e66bd4e9,2023-06-21,Xiaomi,13 PRO  (2210132G),적합
64200557bdcf0a57b3d0adb59c5887d32b502e53da85165a19e9df297648d982,2023-06-21,Samsung,GALAXY S23 ULTRA  (SM-S918B/DS),적합
9976ac280977a3be59e43c2c4284f38e0acf14a2dcab344eac6294b77bd11dde,2023-06-21,Samsung,GALAXY S23+  (SM-S916B/DS),적합
9c1a431f4270a375679db275059226778b3909de7f7798b7bdb87a3656d1d053,2023-06-21,Samsung,GALAXY A34  (SM-A346B/DSN),적합
460d66218b34b8fc1311322bb846f110abfe59820d2d4122013a05f6a115f1e4,2023-06-21,Xiaomi,12 LITE  (2203129G),적합
1780da65c56c3968797376fc7db6e23ef5f6fd46f811982da7b160691eae461d,2023-06-21,Xiaomi,12T PRO  (22081212UG),적합
3231569d1b445c0f374d71f1c22c5ab50116886d79a2a19142427921e071f443,2023-03-21,Honor,MAGIC 5 LITE  (RMO-NX1),적합
35a034a56812af111b783a8755f0a85cca2350e23342b77714a5ff56be5ade7e,2023-03-21,Samsung,GALAXY A04S  (SM-A047F/DSN),적합
e70c915eb62e1be92a1d8c156fc4f6e418b5fbd491386f30938196ec6cf9d475,2023-02-08,Motorola,E13  (XT2345-3),적합
8f7851c12a2b03ea12d264a109c479d6e3a48419189cd634e5adb46cfeea9e1d,2023-09-19,Motorola,MOTO G13  (XT2331-2),적합
252a9f44eea6a1a414df03f1fadda647094de9b3fe06f1d8ffa4af7558a0ca66,2023-09-19,Vivo,X90 PRO  (V2219),적합
c0bf9c90c6fea78c25f7869a3ffc7f8dd7746c101d6a33d53520e05c1335e5e1,2023-09-19,Realme,GT NEO 3T Dragon Ball Edition  (RMX 3371),적합
8d63414a48c5659ee3905f4a732e1d3622fb4d010b062980ddd81e2aad64dc8d,2023-09-19,Samsung,GALAXY A14 5G  (SM-A146P-DSN),적합
35e6135e216fe3c98d52a71c57612c592b781c8fdb90c80c61047afcff973df1,2023-09-19,Samsung,GALAXY A23 5G  (SM-A236B/DSN),적합
2be5b0d9533530d8b754ed3728e9f0b1ba25c871319be68828fe31edff284c54,2023-09-19,Honor,90 LITE  (CRT-NX1),적합
93f60db54693963cfd9f79a8e2a02426f49c2a2246b09f3acae5d8298ed9fa8b,2023-09-19,Huawei,NOVA 11I  (MAO-LX9N),적합
af2d65c6f50fbed458bdf94e883981541e780b6eb90d1b20f153a0797a6cc460,2023-10-10,Xiaomi,11T 5G  (21081111RG),적합
6af6c6d88aa40bb0ac1168f4deed8cca1da762d4e2e7c664823a3485139c6031,2023-10-24,Honor,90  (RES-NX9),적합
677b79b741a7765a02f29c3773e8ade9555a3fb5c89b8a56f970322a9f4a1549,2023-10-24,Huawei,P60 PRO  (MNA-LX9),적합
0ab39819de05e2ced11472c968523ba580332eb6eac69ed784d8e0af4b48edfd,2023-10-24,Samsung,GALAXY Z FLIP 5  (SM-F731B),적합
6611c2c34f62086d9f926d093b3922a88e688e51ff1a395dd6c9449be3b70ea9,2023-11-30,Vivo,X80  (V2145),적합
b792f798c8bba0fe9d39975b7d8466a396e539f002a24ad5765bc3d3b77206bb,2021-01-06,Google,PIXEL 5 (GTT9Q),적합
ba58f5af68b08ea0d346ba13b3f55596e218121c3c56d0f54e848930a4656f43,2023-09-19,Nokia,G22 (TA-1528),부적합
b74faad67a6a0dbafe95e538a6710ef27aa88e763f5ab11ca3206f26de4590e8,2023-09-19,Nokia,G22 (TA-1528) (MAJ),적합
5fff399da14376862e9a812f100a6dfd2296d9a7cd1777d87361e61dc559fd68,2023-10-10,Motorola,MOTO G53 (XT2335-2),부적합
166b2d06452825d60e17bd714e9b4bee656a5f45b701141f1010503a51bd7d05,2023-10-10,Motorola,MOTO G53 (XT2335-2) (MAJ),적합
fd146abccc572ad2404f284acb0a164344f7cbc2698edffaa8bdf96f9a72f64f,2023-06-19,Google,PIXEL 7  (GVU6C),적합
a0748da3499abd971d73011fbd835538181745c396ad20f30ebdfd6fea1ccdfb,2023-06-19,Google,PIXEL 7 PRO  (GP4BC),적합
e4f9b772e9a0e8185718dc3da5684aec65c797de332fcb48f7b1886de845ef4c,2023-09-19,Sony,XPERIA 10V  (XQ-DC54),적합
ef346b5c0ef0eb712d900a7301ea8951017d6b67ac71c0def7190d02436e8fc2,2023-07-12,Huawei,MATE X3  (ALT-L29),적합
8031ccfec72e38f8a320c0e80eaf47b4b38e13bbef94169910b63e8f6b4b2e18,2023-07-12,Apple,IPHONE 15  (A3090),적합
6a1cf1faf5f37cc4af1ac1561714e6678cf42ebe4957b77d90001b50ba614d0a,2023-12-19,Huawei,P50 POCKET  (BAL-L49),적합
9c0a58d363b0dbbae88ef3c644d84c806764ccab616cd9a2599518589b714832,2023-12-19,Oppo,A17  (CPH2477),적합
305007e72a2fcd88d5e22b2be14b94b988c2fe7b1ca8181f76de44af8499bec0,2023-12-19,Samsung,GALAXY Z FOLD 5  (SM-F946BLBCEUB),적합
9d928d761e3cdbe912b5574463a956a7c277907168f9c644f4091ee8ef27c558,2024-03-20,Apple,IPHONE 15 PLUS  (A3094),적합
7f444adced5e9260483f5eb903eb55a9912e23b62dfdf455c6198f7c33f6b586,2024-03-20,Google,PIXEL 8 PRO  (GC3VE),적합
acefd5d34753d5da8b518e337622eedaf28451c3835c185a08bfe7546e4a8c83,2024-03-20,Honor,MAGIC 6 PRO  (BVL-N49),적합
dff264b58e5c31aa00f49210a8cad4e712896f90aa2f36c66982fc97330af177,2024-03-20,Samsung,GALAXY XCOVER 7  (SM-G556B),적합
eb715c344148b509dd89aaba9268ea12a5e8442865ed879886f19a21c8a353e4,2024-03-20,Honor,MAGIC V2  (VER-N49),적합
38076fb9ce86aa658f8cf11f788f2964c463964a735d12cdf04262a2e443a8c6,2024-02-04,Honor,MAGIC 6 Lite  (ALI-NX1),적합
bcd6fdb93037630d476e3cc3658a8b3b8f881369d02437751bc0d94b161b6044,2024-02-04,Sony,XPERIA 1V  (XQ-DQ54 ),적합
89f23a7071f98db1eceae687518052364e5de2e53952520fe6c5bb4a50f2993e,2024-02-04,Sony,XPERIA 5V  (XQ-DE54),적합
6657a0c10181f8e52f01af185c22f0c1e3fcae14db9cf5d390f2680a77b81c49,2024-03-04,Samsung,GALAXY S24  (SM-S921B/DS),적합
27d034d37ce5a3b986840045e379e60ba6776f11f7520436bcb192e2a2401a2b,2024-03-04,Samsung,GALAXY S24 PLUS  (SM-S926B/DS),적합
178947a2060acf0fc4586cc0acabe647cc3eed47e88edf2641a860b4141528e4,2024-03-04,Samsung,GALAXY S24 ULTRA  (SM-S928B/DS),적합
e3a4235cebfb92962a9fd6ef8b53f691172062a94aa8c654ae9b71eb0364f98b,2024-03-04,Motorola,RAZR 40 ULTRA  (XT2321-1),적합
698d7c84d0e1ca1b3947fa7fa5e8be95b7b705a13672fdf6839f1c26cdcc00a0,2024-03-04,Samsung,GALAXY A05s  (SM-A057G/DSN),적합
4371514a362597c9dc83cba6c4d80ba096ddb7cba198bd1169cdd3b13a89bec5,2024-03-04,Samsung,GALAXY A25 5G  (SM-A256B/DSN),적합
6d961d476c0a24272ecf3f1724850313dae8547fe2fc65ad1ab6be01e42af0b1,2024-03-04,Samsung,GALAXY A15 4G  (SM-A155F/DSN),적합
2b660eed7fccdd3d1128970a88aec08afa94631e87727b96b746f0a5817e4df9,2024-02-04,Sony,XPERIA 1 III  (XQ-BC52),적합
db17c26ee13c272d768752ceb9c178018115ca3722097766dddf80cbbd4f04a0,2024-02-04,Xiaomi,REDMI 13C  (23108RN04Y),적합
2fc57cf0dcc7c67f393529ceee2c28a6d20d790527a03e5f278fbed0a1433655,2024-02-04,Xiaomi,REDMI 12C  (22126RN91Y),적합
cf203d6a7b6888fcac1d081c2524fbb69b16dc44f6ba990cd9ec82f38e6babfc,2024-03-04,Xiaomi,13T PRO  (23078PND5G),적합
7f0d5e4fc2fc0a5897652e6130aee3594c467d4733a0e55e36e859f91309ca2b,2024-03-27,Xiaomi,14  (23127PN0CG),적합
28f5d60181d7e4e9bd74b3fe77e3431da121876e4acce7bc17a7dab3d09f264a,2024-03-27,Motorola,THINKPHONE  (XT2309-2),적합
e8f0abd963a82f734c38c31de789f07612f02d97c52aac134106344bea2c16d8,2024-03-27,Samsung,GALAXY A14 4G  (SM-A145R),적합
c9e9f4a3331ac55dc3c7963fde9c28dbacd1cb45ddba7526f9143f97418896f5,2024-03-27,Nokia,G42  (TA-1581),적합
f058908b8090ff370983a25f32c1b8c9b572467cd7c6bd77c8ec64a6e696fe62,2024-03-04,Google,PIXEL 8  (GPJ41),적합
8a5d3936f5817b472264d4c5b55b96447528374a82d82b6f31fca7d3fd1b130f,2024-06-13,Apple,IPHONE 15 PRO MAX  (A3106),적합
dc7351d69f190121e9ba0d91a7fb98ebf57f966516ad3d52d7c0840a5a346284,2024-10-15,Xiaomi,14T  (2406APNFAG),적합
b416dfb0aa7e7f817905341a9b34a619d0f199fcb4a4ade6794144ae9297b6ee,2024-10-16,Honor,MAGIC 5 PRO  (PGT-N19),적합
87a91f8c898a606816c2bd92d1cf45e7f008d98b0607fe16911aca8e613a5cea,2024-10-16,Xiaomi,14 T PRO  (2407FPN8EG),적합
e1a36d7517a2a59cf67c0f42b0bc11afeb156c3eb7b32eb989ab6ae7002c707e,2024-03-20,Samsung,GALAXY WATCH5 PRO  (SM-R920NZTAXEF),적합
1665de151819db02d3e9efc3a964877fb0c9d3ef249f6a5f8c8af4a145b46de1,2024-03-20,Xiaomi,REDMI WATCH 4  (M2315W1),적합
2161867206bf2ebc1efec8be9fe1fe5667f372fd1e6201a1de32808ba6f0dd11,2024-10-15,Motorola,EDGE 50  (XT2407-1 / MC430),적합
6f69d2e89fc53b8853703a9bdb10defde8e0f4d6288d4ce0c44cc8a6e6dcb479,2024-10-15,Samsung,A35 5G  (SM-A356B/DS UD),적합
08cb16aabfc502db12c7c880df52668b3a3d4100c578714f17d108097ae5c697,2024-10-15,Xiaomi,REDMI 14C  (2409BRN2CY),적합
15fff89d5e2293da4db0335279d1e62987c7abaf2cea3f1f70fef36216b5c04d,2024-03-27,Nokia,110 (TA-1543),부적합
1932a0ea210b3b5b965d58ad644df46371cf19c39e410eba93a51ec537f7d9a6,2024-03-27,Nokia,110 (TA-1543) (MAJ),적합
36a21edca054ad3fccf0aed985476e042df2a67be19a722a291052631c7dfb9b,2025-04-29,Google,PIXEL 7A  (GHL1X),적합
e6217a5cea2c79a6c3a700a3cb0ee6c06aa86e452fd23d705f297389c4f86027,2025-04-24,Google,PIXEL 8A  (G6GPR),적합
93fc34bcd454b397d3a2571c6c0e4bd6e2ea163e8d4f6a95bf45ee20b1de00a7,2024-12-13,Xiaomi,13T  (2306EPN60G),적합
2bb43b5edd98124bf41b81c69193300d946c3abb12ddeae1b7bc2add44d1f4be,2024-11-28,Google,PIXEL 9  (GA05843-GB),적합
9e56036605fc994ca77bbc48cd7f0af8c35eb967686e86be72ca094b68715b74,2024-11-28,Samsung,Z FLIP 6  (SM-F741B),적합
835eba1b84e7acb02aa0992314c2bb37be76ab39e38ce0bec2e344c8eee9c4b3,2024-11-28,Honor,X6B  (JDY-LX1),적합
14eeb8d5fd10f0c5e867f7bebec5d2a1219289600613f8f523997cdbb2897564,2024-11-28,Honor,200 LITE  (LLY-NX1),적합
a38b822abf5ec93b12a903721fbb88b5a86dc318c84ba61f6c92b63a91ad96dd,2024-10-16,Samsung,GALAXY A15 5G  (SM-A156B/DSN UD),적합
0a8e1af4744d4632d68ff4b456b10c4cf1053cc8b7ee56118a20010111c57350,2024-10-16,Samsung,GALAXY Z FOLD 6  (SM-F956B/DS),적합
3d71941a6b7ef08cafe5041fe08e6990d10c601cf2a1618b9d1fee8f82894d58,2024-10-16,Apple,IPHONE 16  (A3287),적합
46a15e0b3a882fbab8d4d4d4ac2a3eaafb2ec88a387add408c0a1722a4bdbf76,2021-11-16,Apple,IPHONE 12 (A2403),부적합
22b983c7c9c1186c6420e65ccb36cba9febf6ea02b341e24b0e4dd761633d829,2025-03-18,Honor,MAGIC 7 PRO  (PTP-N49),적합
230a103d010d839973793cbc167cfbd1f226fab0b2d5b4a52a6c0d247f9760e2,2025-03-18,Samsung,GALAXY S25 +  (SM-S936B/DS),적합
2f8f9bf11a25c7e46b0044885f8bba635d54fde9c305a539fe8b5e70434082cf,2025-03-18,Samsung,GALAXY S25  (SM-S931B/DS),적합
845d7472da15a73d4fb5da83d78df743765e37edd28467b5141697720b0869df,2025-03-18,Samsung,GALAXY S25 ULTRA  (SM-S938B/DS),적합
e73e14fd7ee09c7096a54c657992d92013709406fab214117f8a94b61d98464f,2025-10-04,Realme,14 pro 5G  (RMX5051),적합
18fa1c670efc3f5926fe0a8a955b4bfa25443348921da375a307661c4c3c4c3e,2025-04-29,Oppo,A80 5G  (CPH2639),적합
8befedf1efd26ccdee91087acbdba4a0509535227a125b773f89075499ebb479,2025-07-05,Oppo,RENO 12  (CPH2625),적합
29e8a8c5cfe12a4955ab8ecc41d0e1ec116479f012c1c965bb14f6ec68a9dbe5,2025-07-05,Motorola,G15  (XT2521-3),적합
ef9d70547ff60eb8d8fb82e190a93a3717c7fdc939a71b7c1ec4c3ea9c0d927b,2025-07-05,Oppo,RENO 12F  (CPH2687),적합
c8ca19d90fce2866ea5d61bd4f54a209684a285b43e7265d820c579d40f3a539,2025-05-14,Huawei,PURA 70  (ADY-LX9),적합
c90247bab1529396b934c6df4ff8df5a0486e8ee4df79016ccd8a1b947eb0527,2025-05-14,Huawei,MATE X6  (ICL-LX9),적합
dc32243bca41e97ac7795dbbcf42c9a93b88f485faa63d417510806a3d471ccd,2025-05-22,Xiaomi,REDMI 13  (24040RN64Y),적합
61a5cc8a12b304cad62d1b2ecbc66648d7abfe40b33bf911716d8fe1f04da31e,2025-05-22,Motorola,EDGE 60 Fusion  (XT2503-4 ),적합
bb6f6eb7f0dee3944dc11e5ffd9ec2eee2d2786b688127936d03d0dbea2caea8,2025-05-22,Samsung,GALAXY A36 5G  (SM-A366B/DS),적합
c145f6b09602157ecc8a5fa8e9a6aa716acb62bda86a2f628be1e22a73494b21,2025-05-22,Xiaomi,15  (24129PN74G),적합
76d36985a4b32676c24e4ce1071b19e514954dc2d322870818e55a439396ad18,2025-05-22,Apple,IPHONE 16e  (MD1Q4F/A ),적합
a31271c15c4f87a958792d7ebe6c32835854bf64043ded1dd93ae6ac89243cc7,2025-05-22,Honor,400 LITE  (ABR-NX1),적합
9ed616bf87d386fe18e8ddb3e18321865e55a5224f27aa202d31f047711f7c7c,2025-05-22,Samsung,GALAXY A16  (SM-A165F/DSB),적합
3a1f3ee05d361861ae17a7af9934a5f4ede03c9c90e323896adf4b710f6dcd97,2025-05-22,Google,PIXEL 9a  (GTF7P),적합
0885a60a5c9a743562a407c70a4e5baa6fcbe6669c0db2724878499b30a5bd84,2025-12-06,Oppo,RENO 13 PRO 5G  (CPH2697),적합
7e507a0ec093b01415b4c9ef2ec43ea59914e059f467fabcf753b79029894947,2025-12-06,Samsung,GALAXY A26 5G  (SM-A266B/DS),적합
068bb78eff371301df49f480bc000848a1390ba26d0b65efc943f3db44c79ff5,2025-12-06,Motorola,EDGE 40 NEO  (XT2307-1),적합
aafb91d53b5dda4d65a6a0e5d4c7f910a8542c619c55ea21c6a2bae305eed3d6,2025-12-06,Motorola,E15  (XT2523-6),적합
ca8497333b44b79d4c3f3ede61ee3fb6df3a6cd387462bf9e16c38e4cf347d6d,2025-12-06,Xiaomi,MIX FLIP  (2405CPX3DG),적합
23ab824f8e50bac9e83a1e9e16d20efedace80c9f3038c335479f9fc92ac19d4,2025-06-26,Xiaomi,REDMI NOTE 14 PRO  (24090RA29G),적합
055c6bf4c0531cda885b0d70381d86dd8b7df86bcf75fdcbd7fc6aa7f579849e,2025-06-26,Motorola,MOTO G84 5G  (XT2347-2),적합
7c4054ab1b4eb1aeeeab9dfc28de2f93ab88ab1bb9d10d5e94c6f2cacaf349ea,2025-06-26,Honor,400  (DNY-NX9),적합
a94a853008e2c03d76059f700bf09316a2718c4343916d1614beb8bd1bb54259,2025-06-26,Honor,200 SMART  (ALT-NX1),적합
e021fa5926352fabd7f6b66030e46f3f0564f684e2b8552ad3c0a9990f091ffe,2025-06-26,Honor,MAGIC V3 - FCP-N49,적합
5024fd5d32abc58182163ebe281aa4d18411aeb9f7e76125408848e95da779a8,2025-02-07,Xiaomi,REDMI NOTE 14 PRO+  (24115RA8EG),적합
53ca4b2585a4d7e1f89aa8516d061fc2c0ba820706ab9f463f88b2e7051b007a,2025-02-07,Realme,NOTE 50  (RMX3834),적합
ac04d140c47f42d2cea41a0928310ac8eea4ec499adc469418d96275936df87a,2025-02-07,Samsung,GALAXY S24 FE  (SM-S721B/DS),적합
7abb924417bb7ee1d9e2a2120f92eb2060c6f0845717439c7bf60103d5c056dc,2025-02-07,Motorola,EDGE 50 NEO  (XT2409-1 / MC431),적합
099c284b827ee9dba9e689b790c0ee826cc19742026a2c7f284c16cee19cf7ff,2025-02-07,Google,PIXEL 9 PRO  (GEC77),적합
21ee4b9db2de26cf16682304bd05d0f93d5a162e1ba7e27ca6592180742bb6c5,2025-02-07,Motorola,E14  (MC41D),적합
